Binding Energy ,Otsu Class theshold -77.8,Abs dist to threshold,a_1,a_2,a_3,a_4,a_5,a_6,a_7,a_8,a_9
-92.5,1,14.700000000000003,-4.5,4.2,-1.6,4.5,3.8,-4.5,-0.7,4.2,2.8
-77.1,0,0.7000000000000028,4.2,-1.6,4.5,3.8,-4.5,-0.7,4.2,2.8,-0.4
-99.6,1,21.799999999999997,-4.5,-0.7,4.2,2.8,-0.4,2.8,-4.5,-0.9,3.8
-48.5,0,29.299999999999997,-1.6,-0.7,-1.6,-1.6,-3.5,-4.5,-3.5,1.8,3.8
-50.1,0,27.699999999999996,3.8,3.8,-0.8,-0.8,-3.9,-0.7,-0.8,4.2,1.8
-72.0,0,5.799999999999997,-0.8,-0.8,-3.9,-0.7,-0.8,4.2,1.8,3.8,-0.4
-55.2,0,22.599999999999994,4.2,1.8,3.8,-0.4,4.5,1.8,-0.7,-4.5,-1.6
-74.0,0,3.799999999999997,1.8,-0.7,-4.5,-1.6,3.8,-4.5,-4.5,2.8,1.8
-81.4,1,3.6000000000000085,-4.5,2.8,1.8,-3.9,-0.8,3.8,-0.8,1.8,4.2
-65.9,0,11.899999999999991,-0.8,4.2,-4.5,4.2,2.8,-3.5,-0.7,3.8,-4.5
-52.7,0,25.099999999999994,-1.6,-0.7,-1.6,-1.6,1.8,-3.5,-3.5,4.2,-1.6
-59.1,0,18.699999999999996,-1.6,-1.6,1.8,-3.5,-3.5,4.2,-1.6,3.8,-0.8
-61.3,0,16.5,-0.8,-0.8,-3.9,-0.7,-0.8,1.8,4.2,3.8,-0.4
-93.6,1,15.799999999999997,-1.6,-0.7,-3.5,-3.2,-0.7,4.2,-4.5,3.8,4.5
-81.7,1,3.9000000000000057,-4.5,2.8,1.8,-3.9,-0.8,3.8,-3.5,1.8,1.8
-62.7,0,15.099999999999994,-0.4,-0.7,-1.6,4.2,-1.3,4.2,-0.7,4.5,-0.7
-85.6,1,7.799999999999997,1.9,-0.8,-3.5,-3.9,-0.4,2.8,-3.9,4.2,4.2
-81.7,1,3.9000000000000057,-3.5,-3.9,-0.4,2.8,-3.9,4.2,4.2,2.8,-0.4
-63.3,0,14.5,4.2,2.8,-0.4,-3.5,4.2,-0.8,-0.4,4.5,4.2
-77.8,1,0.0,4.2,4.2,-3.5,-3.2,4.2,-4.5,3.8,3.8,-3.2
-87.1,1,9.299999999999997,4.2,-3.5,-3.2,4.2,-4.5,3.8,3.8,-3.2,2.8
-103.0,1,25.200000000000003,-3.2,4.2,-4.5,3.8,3.8,-3.2,2.8,1.9,-0.7
-97.5,1,19.700000000000003,-3.2,2.8,1.9,-0.7,-1.6,-3.5,-0.7,1.9,-4.5
-75.8,0,2.0,1.9,-0.7,-1.6,-3.5,-0.7,1.9,-4.5,-0.9,1.8
-82.3,1,4.5,-0.7,1.9,-4.5,-0.9,1.8,-0.7,4.2,3.8,1.8
-67.0,0,10.799999999999997,3.8,4.5,-3.5,3.8,-3.9,-4.5,4.2,4.2,3.8
-73.8,0,4.0,4.5,-3.5,3.8,-3.9,-4.5,4.2,4.2,3.8,-3.5
-58.3,0,19.5,1.8,1.8,-0.7,-1.6,4.2,-0.7,-3.9,4.5,-0.8
-70.6,0,7.200000000000003,-0.7,-3.9,4.5,-0.8,1.8,-3.5,-3.5,-0.9,-0.4
-72.7,0,5.099999999999994,4.2,-3.5,4.2,-3.5,-0.4,-3.2,3.8,4.5,-3.5
-57.7,0,20.099999999999994,4.2,1.8,-0.7,-1.6,4.5,-0.7,-4.5,4.2,-0.8
-79.3,1,1.5,-0.7,-4.5,4.2,-0.8,1.8,-3.5,-3.5,-0.9,-0.4
-97.0,1,19.200000000000003,-3.5,-3.5,-3.5,-3.2,1.8,2.8,4.2,4.2,-4.5
-60.0,0,17.799999999999997,3.8,4.2,-1.6,-0.4,3.8,-3.9,-0.8,3.8,4.2
-69.7,0,8.099999999999994,-1.6,-0.4,3.8,-3.9,-0.8,3.8,4.2,3.8,-0.4
-60.3,0,17.5,4.2,-3.9,-3.5,-0.4,4.2,4.2,-3.5,3.8,4.2
-69.0,0,8.799999999999997,-4.5,-4.5,-1.6,-0.4,-0.8,-0.7,-0.7,4.2,-3.5
-71.0,0,6.799999999999997,3.8,4.2,-1.6,-0.4,2.8,-3.9,-0.8,3.8,4.2
-83.5,1,5.700000000000003,-1.6,-0.4,2.8,-3.9,-0.8,3.8,4.2,3.8,-0.4
-66.8,0,11.0,4.2,-3.9,-4.5,-0.4,4.2,4.2,-3.5,3.8,4.2
-56.5,0,21.299999999999997,-0.4,4.2,4.2,-3.5,3.8,4.2,-3.9,-1.3,1.8
-101.2,1,23.400000000000006,-3.5,2.8,-0.8,3.8,-1.6,-0.7,-3.2,-3.2,-0.7
-79.9,1,2.1000000000000085,-0.8,3.8,-1.6,-0.7,-3.2,-3.2,-0.7,4.2,-4.5
-84.8,1,7.0,3.8,-1.6,-0.7,-3.2,-3.2,-0.7,4.2,-4.5,3.8
-95.9,1,18.10000000000001,-1.6,-0.7,-3.2,-3.2,-0.7,4.2,-4.5,3.8,4.5
-79.9,1,2.1000000000000085,-3.5,2.8,-0.8,3.8,-1.6,-0.7,-3.5,-3.2,-0.7
-77.1,0,0.7000000000000028,-0.8,3.8,-1.6,-0.7,-3.5,-3.2,-0.7,4.2,-4.5
-83.2,1,5.400000000000006,-3.5,-0.8,-1.6,-0.7,1.9,-1.6,-3.5,-1.3,-3.2
-73.3,0,4.5,-0.7,-3.5,-1.6,-3.9,-3.9,-0.7,1.8,4.5,-0.7
-72.3,0,5.5,1.8,4.5,-0.7,-3.5,-0.8,-1.6,-0.8,2.8,3.8
-81.7,1,3.9000000000000057,1.8,-0.8,-3.5,4.2,-0.8,-3.5,-1.3,-1.3,1.8
-94.4,1,16.60000000000001,-0.8,2.8,-1.6,-0.4,-0.7,-1.6,2.8,2.8,1.9
-104.5,1,26.700000000000003,-3.5,-3.2,2.5,-1.6,4.2,-0.7,4.5,-0.9,2.5
-72.6,0,5.200000000000003,-1.6,-1.3,-3.9,-1.6,-1.6,-4.5,-0.7,4.2,4.5
-75.6,0,2.200000000000003,-4.5,-1.3,-3.5,-0.7,-4.5,-4.5,-0.4,3.8,4.2
-73.3,0,4.5,-0.8,-3.5,4.2,3.8,-4.5,-0.8,-4.5,2.8,4.5
-75.4,0,2.3999999999999915,4.2,-3.5,-3.5,-0.4,-3.5,4.2,4.5,-1.3,-0.7
-85.6,1,7.799999999999997,-1.3,-0.7,-1.6,-0.7,-3.2,-3.5,-0.7,1.9,3.8
-83.4,1,5.6000000000000085,4.5,-3.5,1.8,-3.5,-0.7,2.5,-3.9,-1.3,3.8
-88.4,1,10.600000000000009,-3.5,1.8,-3.5,-0.7,2.5,-3.9,-1.3,3.8,1.8
-89.2,1,11.400000000000006,-4.5,3.8,-1.6,1.9,3.8,-3.2,-3.5,3.8,-4.5
-94.5,1,16.700000000000003,-3.2,2.8,-3.5,-0.8,-0.7,-3.5,-4.5,4.2,1.8
-52.0,0,25.799999999999997,-3.5,-0.8,-0.7,-3.5,-4.5,4.2,1.8,3.8,-0.7
-58.0,0,19.799999999999997,-0.7,-3.5,-4.5,4.2,1.8,3.8,-0.7,1.9,-0.4
-72.0,0,5.799999999999997,-0.4,-4.5,3.8,3.8,-0.4,3.8,3.8,-3.2,3.8
-80.7,1,2.9000000000000057,-4.5,3.8,3.8,-0.4,3.8,3.8,-3.2,3.8,3.8
-68.8,0,9.0,3.8,3.8,-0.4,3.8,3.8,-3.2,3.8,3.8,4.5
-86.9,1,9.100000000000009,2.8,3.8,-3.5,2.5,1.8,2.8,-0.7,2.8,-0.4
-108.5,1,30.700000000000003,2.8,-0.7,2.8,-0.4,-1.3,1.9,-0.7,2.8,4.2
-77.7,0,0.09999999999999432,-3.2,2.8,-3.5,-0.8,-0.7,-3.5,-3.9,4.2,1.8
-58.2,0,19.599999999999994,-3.5,-0.8,-0.7,-3.5,-3.9,4.2,1.8,3.8,-0.7
-61.6,0,16.199999999999996,-0.7,-3.5,-3.9,4.2,1.8,3.8,-0.7,1.9,-0.4
-68.8,0,9.0,-0.7,1.9,-0.4,1.8,4.2,4.2,1.8,3.8,3.8
-76.0,0,1.7999999999999972,-0.4,1.8,4.2,4.2,1.8,3.8,3.8,-0.9,-0.4
-94.3,1,16.5,-3.9,-3.5,-1.6,-3.5,-3.9,-1.6,-3.2,2.8,-1.6
-83.1,1,5.299999999999997,-1.6,-3.5,-3.9,-1.6,-3.2,2.8,-1.6,3.8,1.8
-96.8,1,19.0,-3.5,-3.5,-3.5,4.2,-4.5,-3.2,-3.2,2.8,-0.7
-83.7,1,5.900000000000006,-3.9,-3.5,-1.6,-0.4,-3.9,-1.6,-3.2,2.8,-1.6
-89.4,1,11.600000000000009,-1.6,-0.4,-3.9,-1.6,-3.2,2.8,-1.6,3.8,1.8
-98.2,1,20.400000000000006,-3.5,-3.5,-3.5,4.2,-4.5,-3.2,-1.6,2.8,-0.7
