aa1,aa3,euclid_centroid
A,Ala,2.7441621973914225
R,Arg,5.900923399193834
N,Asn,4.106422617695178
D,Asp,5.194741978893054
C,Cys,4.926598193235381
Q,Gln,2.7554162695158277
E,Glu,4.365388661807849
G,Gly,4.64910596828028
H,His,5.02047457104831
I,Ile,4.679038653981384
L,Leu,4.847490754110307
K,Lys,3.812216443449653
M,Met,3.62208285330876
F,Phe,4.834668105040543
P,Pro,3.275664256489807
S,Ser,3.247662097192736
T,Thr,2.98140572819818
W,Trp,7.0130375948384245
Y,Tyr,3.841374063732732
V,Val,4.095224411127249
