aa1,aa3,mahalanobis_centroid
A,Ala,1.8656280832604688
R,Arg,2.837293325671184
N,Asn,2.112247119680163
D,Asp,2.302831820864759
C,Cys,3.2428742651075755
Q,Gln,1.4057081332990409
E,Glu,2.265050472108766
G,Gly,2.3053154661959714
H,His,2.687660277979958
I,Ile,1.9407832943072971
L,Leu,2.0660110199107407
K,Lys,1.915700025053324
M,Met,1.5249867657780378
F,Phe,1.9096261674661663
P,Pro,2.705030365803036
S,Ser,1.2792075075570497
T,Thr,1.5349013852625748
W,Trp,2.614410679602783
Y,Tyr,2.1116148303943745
V,Val,1.8064130341007527
