z1_mean,z1_std,z2_mean,z2_std,z3_mean,z3_std,z4_mean,z4_std,z5_mean,z5_std
-1.2709676533333334,2.946660980003071,-0.36420712111111103,2.068769777845926,-1.277728638888889,1.6823411882937278,0.052868871111111125,1.223841207688721,0.1893396122222222,0.7500396447985147
-1.433848441111111,2.708497902182023,-1.0932421933333334,2.086161745409579,-0.8492316599999999,1.5475085578011045,-0.25846146555555555,1.0344064767060355,0.16493924,0.764500477047825
-1.0926028655555555,3.3061183034518176,0.29294555111111115,2.6797841681404586,-0.8985398166666667,1.693330335706961,0.5145887766666666,1.5626299298546538,-0.34551536666666666,0.6009866798676818
-0.1379433355555556,2.2474975300900337,-0.16704164444444444,1.4362138750763154,-0.3182860822222223,1.8121970468055384,-0.10012864555555556,1.1348427373487049,0.9882706777777778,0.8620490629563572
-0.07752385999999994,2.7115989238972715,-1.34230218,0.9733118498710258,-0.45299899666666665,1.366188678318455,-0.7329714155555556,0.890063674345108,0.5415630344444444,0.4798451412416012
0.6254092711111111,2.324082451702033,-1.6483098277777777,1.2936594490831632,-0.2472864844444444,1.3328103061923187,-0.7432430288888888,0.8904376973653589,0.4056922511111111,0.5444864841301895
-0.6233539111111112,2.5085944953186106,-1.5318313155555554,1.791738619991272,-0.6623582577777777,1.5399730254403639,-0.2547470766666667,0.9812924175718365,0.5245092111111112,0.8171270125354516
0.1811256288888888,2.912005772755187,0.17599568444444458,2.097066667773849,-1.001281951111111,2.0129744970255006,0.5256834877777776,1.193981006394813,0.43614858333333334,0.8816302772980159
-0.002610202222222203,2.8265431487268766,-0.6011837777777777,1.8047873803143932,-0.49460544555555547,1.6781755575380477,-0.07014854777777774,1.1336757924525396,0.4762612222222222,0.6180104518628793
-0.19496718777777783,3.0401789517082194,-0.26586857444444445,2.0386467641974924,-1.3243241411111113,1.5438870214913265,-0.23472191888888894,1.3133393683933254,0.08596094444444444,0.4863037258108716
-0.5249020377777778,1.5614766042701491,-0.5633511722222223,1.2922631830753293,0.2710191344444444,1.53055998235405,-0.2568378011111111,0.9336871223963097,1.1325726455555556,0.8949777873544952
-0.6347801511111111,2.14646771322847,-0.6155087233333334,1.1792902993852696,0.15301304,1.5067725519376123,-0.40759644777777776,0.8672327174813292,1.1233880555555558,0.697446174253837
0.6254092711111112,2.3240824517020333,-1.6483098277777777,1.2936594490831632,-0.2472864844444444,1.3328103061923187,-0.7432430288888889,0.8904376973653588,0.405692251111111,0.5444864841301895
-0.3523080122222222,2.6757432969986628,-0.5348379255555555,1.7930082835382852,-1.0914441166666669,1.379506948096628,-0.010031206666666619,1.7547953112179198,0.3184671444444444,0.7208056969029495
0.38515706555555557,2.7389248138061553,-0.2665912611111111,1.8814104277990968,-0.26991806666666673,1.654772224442628,0.03609334222222224,1.0684133072030835,0.7267691833333333,0.7094964407629976
-0.9948535655555557,1.9650222770598151,-1.6543345522222224,1.795187427744002,-0.6132730622222222,1.1436395345660493,-0.7789687833333334,0.6912722787918627,-0.09547420000000001,0.8687050167165383
-0.013270849999999909,2.77728623836138,-0.7403146266666667,1.887273149868766,-0.5699167033333334,1.3744164798070893,-0.1670637711111111,1.545564998192408,-0.10881610222222222,0.4815812212872749
-0.20266054333333333,2.929492839735795,-0.8321721044444443,2.351988199852089,-0.5925946933333335,1.3525097354248732,-0.25838035666666664,1.3505705055105865,-0.18605912555555557,0.3349681211353607
-0.7052388222222221,2.8272217864467586,-1.6971315044444446,2.067008399967286,-0.2618393922222222,1.2096937626132067,-0.7821614211111112,0.5029192701146645,0.1199749511111111,0.6355811053189064
-0.4306753344444446,3.2563151284759564,-0.35566697999999997,2.0509436843758255,-0.9602063344444444,1.4660111897788302,0.36982461222222224,2.17227627486474,0.26734377,0.39133551011476814
-0.6121898444444446,3.413222991509569,0.15280884444444448,1.9882413913172279,-0.6720504166666667,1.575414587817949,0.524647098888889,2.128785770758477,0.20126961444444447,0.475981984940551
-1.0002014444444447,3.0801147188754863,0.07617729555555558,1.9061157408228988,-0.7886506744444444,1.3423076489307242,0.9450229677777777,1.953866819293464,-0.03254104222222222,0.5730511927755345
-0.10810553222222226,2.7089206288473506,0.23516391555555557,1.5994977939476633,-0.19573186999999997,1.470710532806098,0.5603527122222222,2.0592215979643296,-0.18829823888888889,0.8439321606255583
-0.3713084466666666,2.5832029921417083,-0.01733962,2.0240063274651585,-0.2096311488888889,1.4508026502186115,0.43315250222222224,1.9892896439075922,-0.16246795555555554,1.068052826732622
-0.9519565577777777,2.5298562989413735,-0.7477606966666666,2.2538170224917664,-0.7237518711111111,1.3311797230032247,0.28624573999999997,1.6454039443315533,-0.013166181111111131,0.9349620644964793
-1.3459382155555555,3.3429025025189283,-0.7339398355555555,1.6696037991736088,-1.481334453333333,1.3647944175394933,-0.41201959333333327,1.264857940975617,0.40365290333333337,0.39523946020089906
-0.4283188511111111,3.5399778656079013,-0.4857363944444444,1.7311847945994225,-1.1012190599999998,1.7344500434070096,-0.6044811077777779,1.4200006121609992,0.3929710511111111,0.38441588162018603
-0.16299323555555548,2.0152065833858526,-1.4765309366666666,1.184341233626513,-0.42044199888888895,1.4097161908237812,-0.45630329111111106,0.9737927171923263,0.5555640922222222,0.7847555763988247
0.48123692555555564,2.5949922563513343,-0.6428978622222221,2.2017454693308194,-0.4635313433333334,1.1891314777145259,-0.4558578655555556,1.7844007316449328,0.06416758222222224,0.7859725091481566
0.15411987111111106,3.200513931416704,-0.9975122933333334,1.8537709819904669,-0.43924802333333335,1.158453602819372,-0.9686473544444443,1.9619612983886556,0.11209707222222222,0.40909162112757574
-0.34134818444444437,2.3449051283327,-1.3318256544444445,1.6096881595713641,-0.7701261277777778,1.569894693948048,-0.48014148777777776,1.0941431762206644,0.3558499866666667,0.776507561721811
0.7624478833333332,2.496868075942442,-0.5641539666666665,2.447902300589118,-0.5560156066666667,1.3884245073185268,-0.4015707899999999,1.8506765257117477,-0.020158675555555537,0.7784660354844906
0.7673277311111112,2.959470923617169,0.32927404444444447,2.062838398154627,-0.07163031888888888,1.6443420154048598,-0.01925215111111103,1.8143850148278926,0.5031291388888888,0.7836774404641216
-1.437745652222222,2.739641989104301,-1.4631307933333333,1.4238966967883633,-0.743468361111111,1.394656263279236,-0.4331798877777778,0.8597649914957275,0.5646973799999999,0.663131062392193
-0.9225890744444446,2.9059098504603265,-1.6209450244444445,1.6117508004500465,-0.53323922,1.4020110204960743,-0.42908931777777776,0.8578406037679581,0.5249702233333333,0.7064958391903653
-0.6105288744444444,2.6559508497985043,-1.4346661566666667,1.8610663230052884,-1.1303715300000001,1.0353662607171001,-0.6615183688888889,0.7803780601460908,0.3270036988888889,0.5774711208980489
1.308247058888889,2.0829971300534043,-0.5805769877777777,2.267350323466675,-0.7100596377777778,1.8493713207624165,-0.27392821999999994,1.359908598674659,0.30359600444444446,0.8649413932716865
-1.4314836088888887,2.7332012471846125,-1.1028483855555555,1.7832395805017283,-0.45982907222222213,1.470528151745953,-0.2927195844444444,0.9029099859975507,0.40247959777777775,0.7486614254677401
-0.9163270311111114,2.898725758419295,-1.2606626166666666,1.9656850265053025,-0.2495999311111111,1.4365804418092485,-0.2886290144444444,0.9004398804358962,0.3627524411111111,0.7791011438641106
-0.41418003222222216,2.87899985755199,-1.21175235,2.172993995868913,-1.3591507455555556,1.27779908967659,-0.29258383000000004,1.0958167062020516,0.23572458555555556,0.5825796370320914
-0.772661421111111,2.5438048094990284,-1.1838065522222223,2.140292897211524,-0.6844662166666666,1.2041065332909517,-0.4290117155555555,0.7654481422525864,0.2374139644444444,0.8727716256289156
0.19978786111111108,2.7336255893747436,-0.0413071022222222,1.6257976034930006,0.08114285222222223,1.0906087582101227,0.10792464111111129,2.288757601617404,0.22614935333333333,0.7823681911462071
0.4257738844444444,2.5279200336010565,-0.30053710888888874,1.8971865551700928,-0.58357778,1.5338517201276267,0.5111493122222224,2.1095750642013997,0.3027196122222222,0.724405302483463
-0.3145408244444444,2.8059288411848957,-0.32638467222222217,1.9090718115313396,-0.8778230733333332,1.4223757835757953,0.5853715533333333,2.052272307769034,0.3217153655555556,0.73594781277668
-0.27184016777777775,2.747616829283471,-0.373673351111111,1.9377791071573225,-0.9020249077777779,1.4344697232738037,0.5721525355555558,2.061030023558392,0.25693179888888884,0.7126450619474655
0.11932001666666665,2.6755961196496885,-0.20247167666666666,1.4866875981015006,-0.10827635666666666,1.186265238026807,-0.47425910111111097,1.8786541245161448,0.28768469888888887,0.7922034282528955
0.34530604000000004,2.472418784353904,-0.46170168333333333,1.7557851817714096,-0.7729969888888889,1.5227203086021215,-0.07103442999999993,1.7918534002724653,0.3642549577777778,0.728577911279499
0.3402620466666668,2.3663867399785614,0.37076108444444444,1.3861612179837277,0.6455008877777778,0.8952062827589065,0.027884635555555537,1.9610577208287354,0.36424087999999993,1.2107756570283539
0.61306132,2.1762687450979907,-0.8462589844444444,1.4404057936640053,-0.63245429,1.5986588434744051,-0.461633498888889,1.3412295341811955,0.4121267788888889,0.7803672581351881
-0.47763325222222236,2.978110445162491,-0.7272266344444442,1.377114270585323,0.3784775633333333,1.349755555856022,-0.7965239511111111,0.9653225584127298,0.6064986099999999,0.7570136704390454
0.41625439000000014,2.322096133241432,-0.2965343233333333,1.9402519777380962,0.4191237944444445,0.7909181407757655,-0.89080848,0.9459199659434605,0.25819353444444443,1.0857026120902822
-1.5157285055555558,2.5136410917412957,-0.13098573888888881,1.9341359557646305,0.8571336466666666,0.8489974177528102,0.1435608288888889,1.0636293736540545,0.11717454777777779,1.0931073307665373
-0.6485734611111111,2.3801591033449814,-0.35893857222222214,2.0733292899340148,0.479112508888889,2.0529474875578004,0.4339432700000001,1.8650231552933045,-0.47490915666666667,1.458526296593817
-0.8261414644444444,2.323275004927859,0.009907752222222276,1.7609876821090242,-0.48822166999999994,1.9222473703782808,0.2741264122222222,1.0824820888804023,0.5020886455555555,1.1675762225336166
0.6322690766666668,2.842956308696008,0.029244518888888918,2.468786975238042,-1.7003786466666666,1.4519419881395257,0.08955171222222222,1.3983739710785439,-0.14055202777777778,0.6244436240854915
-0.014715644444444485,3.388277262476805,0.0831730366666667,1.9094586211643052,-0.8155547988888888,1.8527612475062294,-0.20499862222222212,1.2891945041794954,0.34206719555555554,0.6350624308653922
0.10054325888888883,2.875909703124609,-0.9389129677777777,2.058108603676647,-0.3005129233333333,1.410736993436585,-1.226128687777778,0.7674442731877248,0.011568307777777743,0.6730963873992206
-0.5383723033333333,2.2087888804624836,-0.32297490777777776,1.6696771142727511,-0.3665572777777778,1.0938181748023679,0.015405842222222311,1.7710488290221817,-0.006300326666666677,0.9868890313194115
-0.039047981111111074,2.7056386909436974,-0.5954903233333333,1.5381089984146579,-0.2550590688888889,1.7125052252256037,-0.8376779511111111,1.4053260889833643,-0.25800893222222215,1.1258151668765821
0.42051792555555556,2.3383325349742936,-0.6614517099999999,1.5969710296663153,0.0021407966666666667,1.6468495050249488,-0.7595526788888889,1.4222853591475708,-0.14262108444444443,1.2219380798714075
-0.5328025722222223,3.3880795548129887,0.5231517777777778,1.553464923986723,-0.8747303766666668,1.7975597523760793,0.7993139522222221,1.650621883658665,0.5486024288888889,0.8826791129740584
0.9691111200000001,2.578071281184457,0.006490262222222241,1.9653923838556855,-0.23940754555555563,1.4653582834142975,-0.17856568555555552,1.9597657451665584,0.24544170333333332,0.7314520652779462
0.7720303144444444,2.5351679550593134,-0.8119765366666667,1.7553018832482088,-0.6772467833333332,1.415080153696297,-0.9155092611111111,1.2667079226459317,0.3505997822222222,0.7250583213974027
0.07157648999999999,2.5842889085816747,-1.1973286799999998,2.001907855011348,-0.7017753144444445,1.362948756470428,-0.29884268222222216,1.2665575916672065,0.1538414777777778,0.8304055232691179
-1.255691017777778,3.4017969042694016,-1.132583658888889,2.1073954304523244,-1.1107607744444445,1.1851562803058195,0.07052152333333334,1.602028657482284,0.37644157888888885,0.5367232111607152
-1.958624148888889,3.298341435883045,-0.8265760111111111,1.843709408640709,-1.3164732866666666,1.0674402420515121,0.08079313666666665,1.5965940377078582,0.5123123622222221,0.47938111880538914
-2.7817374111111115,2.6996888136969357,-1.2968921144444443,1.4274192713587588,-1.1178906544444445,0.7666404968679751,-0.2334846044444444,1.4636373900376853,0.5589992066666666,0.42929499780674985
-1.1116435988888889,2.895086233687668,-0.4548372155555555,2.1892646506376257,0.6958602566666666,1.4077302371785465,-0.27761243888888887,0.7369279314560084,-0.17201901333333333,1.2090656426474684
-1.8984673088888888,2.3007963977273427,-0.33572567333333325,2.3372717765347266,0.07189637777777776,0.9847517103409954,-0.11081556111111109,1.0645890454192226,-0.6132389788888889,0.38675740930442276
0.68109873,2.3649448818127237,-0.14682635999999993,1.8034708575757321,-0.2750235755555555,1.2985933393223308,-0.04488330777777774,1.6885644120887287,0.40018311777777776,0.695895455373551
0.48401792444444436,2.2934833541670603,-0.9652931588888889,1.4899179450319946,-0.7128628133333333,1.228956228956434,-0.7818268833333334,0.9011934853708927,0.5053411966666667,0.6651415719249204
-0.06455857111111109,2.4267806047280858,-1.3769773133333332,1.7136310769841623,-0.5896058455555555,1.1535000691767916,-0.3542729233333333,1.1728321290287864,0.20680767555555557,0.8237562459072933
-1.4769004377777777,2.195283146644544,-2.1103901166666663,1.0172543419960893,-0.5731414666666667,0.9752368555593887,-0.4199332,0.9141777222036988,0.27379459000000006,0.7723459799407415
-1.5006261377777779,2.5219981202027397,-1.8574691099999998,2.2490150741519743,-0.3942715244444444,1.0065490513015913,-0.1810952188888889,1.308767545921539,0.2098415188888889,0.8920873798184276
0.4464189222222222,2.578486116799162,0.9274564777777778,0.690794986760078,0.3113183577777778,1.6335606023955387,0.5936213244444445,1.789370903277907,0.8301506833333333,1.0030500725198137
-0.594585338888889,2.630762172027533,0.24533089222222224,1.2985221709343537,0.37351337444444443,1.4511008791382158,0.46014788555555547,1.7351287454672526,0.8544948777777779,0.9662510692693318
1.4981095311111108,2.8059840138371333,0.62608111,1.7499903273857453,-0.09242413777777776,1.6493940279688017,0.00738398777777786,2.5579126777558177,0.025978527777777774,0.44327462800299366
0.32800964777777775,2.4756493877996113,0.4476672233333334,1.7204830775743523,0.36325062222222226,1.6267309300789072,0.8403381455555556,1.3774009722270093,0.8162464144444446,1.0187586539073905
-0.7129946133333335,2.4808526203815715,-0.2344583622222222,1.8746922634482082,0.4254456388888889,1.4411686863469158,0.7068647066666666,1.331133823938055,0.8405906088888889,0.982892594459944
1.039255273333333,2.9434829646601157,0.4397142311111111,1.6876356234099885,0.08319928333333333,1.7585251503527592,-0.3482121877777777,2.186990860139797,0.23668035444444444,0.7650546142904268
