Unnamed: 0,pos1_z1,pos2_z1,pos3_z1,pos4_z1,pos5_z1,pos6_z1,pos7_z1,pos8_z1,pos9_z1
row0,3.51502115,-2.58731514,-1.65759615,-3.89299821,-4.27730412,3.51502115,0.75472331,-2.58731514,-4.22094573
row1,-2.58731514,-1.65759615,-3.89299821,-4.27730412,3.51502115,0.75472331,-2.58731514,-4.22094573,2.04909406
row2,3.51502115,0.75472331,-2.58731514,-4.22094573,2.04909406,-4.22094573,3.51502115,-4.36077474,-4.27730412
row3,-1.65759615,0.75472331,-1.65759615,-1.65759615,1.74788157,3.51502115,1.74788157,0.24309495,-4.27730412
row4,-4.27730412,-4.27730412,2.38552826,2.38552826,2.2898056,0.75472331,2.38552826,-2.58731514,0.24309495
row5,2.38552826,2.38552826,2.2898056,0.75472331,2.38552826,-2.58731514,0.24309495,-4.27730412,2.04909406
row6,-2.58731514,0.24309495,-4.27730412,2.04909406,-3.89299821,0.24309495,0.75472331,3.51502115,-1.65759615
row7,0.24309495,0.75472331,3.51502115,-1.65759615,-4.27730412,3.51502115,3.51502115,-4.22094573,0.24309495
row8,3.51502115,-4.22094573,0.24309495,2.2898056,2.38552826,-4.27730412,2.38552826,0.24309495,-2.58731514
row9,2.38552826,-2.58731514,3.51502115,-2.58731514,-4.22094573,1.74788157,0.75472331,-4.27730412,3.51502115
row10,-1.65759615,0.75472331,-1.65759615,-1.65759615,0.24309495,1.74788157,1.74788157,-2.58731514,-1.65759615
row11,-1.65759615,-1.65759615,0.24309495,1.74788157,1.74788157,-2.58731514,-1.65759615,-4.27730412,2.38552826
row12,2.38552826,2.38552826,2.2898056,0.75472331,2.38552826,0.24309495,-2.58731514,-4.27730412,2.04909406
row13,-1.65759615,0.75472331,1.74788157,2.47209217,0.75472331,-2.58731514,3.51502115,-4.27730412,-3.89299821
row14,3.51502115,-4.22094573,0.24309495,2.2898056,2.38552826,-4.27730412,3.04502358,0.24309495,0.24309495
row15,2.04909406,0.75472331,-1.65759615,-2.58731514,-2.54172144,-2.58731514,0.75472331,-3.89299821,0.75472331
row16,-2.85287269,2.38552826,3.11477753,2.2898056,2.04909406,-4.22094573,2.2898056,-2.58731514,-2.58731514
row17,3.11477753,2.2898056,2.04909406,-4.22094573,2.2898056,-2.58731514,-2.58731514,-4.22094573,2.04909406
row18,-2.58731514,-4.22094573,2.04909406,3.04502358,-2.58731514,2.38552826,2.04909406,-3.89299821,-2.58731514
row19,-2.58731514,-2.58731514,3.98127016,2.47209217,-2.58731514,3.51502115,-4.27730412,-4.27730412,2.47209217
row20,-2.58731514,3.98127016,2.47209217,-2.58731514,3.51502115,-4.27730412,-4.27730412,2.47209217,-4.22094573
row21,2.47209217,-2.58731514,3.51502115,-4.27730412,-4.27730412,2.47209217,-4.22094573,-2.85287269,0.75472331
row22,2.47209217,-4.22094573,-2.85287269,0.75472331,-1.65759615,3.11477753,0.75472331,-2.85287269,3.51502115
row23,-2.85287269,0.75472331,-1.65759615,3.11477753,0.75472331,-2.85287269,3.51502115,-4.36077474,0.24309495
row24,0.75472331,-2.85287269,3.51502115,-4.36077474,0.24309495,0.75472331,-2.58731514,-4.27730412,0.24309495
row25,-4.27730412,-3.89299821,3.98127016,-4.27730412,2.2898056,3.51502115,-2.58731514,-2.58731514,-4.27730412
row26,-3.89299821,3.98127016,-4.27730412,2.2898056,3.51502115,-2.58731514,-2.58731514,-4.27730412,3.98127016
row27,0.24309495,0.24309495,0.75472331,-1.65759615,-2.58731514,0.75472331,2.2898056,-3.89299821,2.38552826
row28,0.75472331,2.2898056,-3.89299821,2.38552826,0.24309495,3.11477753,1.74788157,-4.36077474,2.04909406
row29,-2.58731514,3.11477753,-2.58731514,3.11477753,2.04909406,2.47209217,-4.27730412,-3.89299821,3.98127016
row30,-2.58731514,0.24309495,0.75472331,-1.65759615,-3.89299821,0.75472331,3.51502115,-2.58731514,2.38552826
row31,0.75472331,3.51502115,-2.58731514,2.38552826,0.24309495,3.11477753,1.74788157,-4.36077474,2.04909406
row32,3.04502358,3.98127016,3.04502358,2.47209217,0.24309495,-4.22094573,-2.58731514,-2.58731514,3.51502115
row33,-4.27730412,-2.58731514,-1.65759615,2.04909406,-4.27730412,2.2898056,2.38552826,-4.27730412,-2.58731514
row34,-1.65759615,2.04909406,-4.27730412,2.2898056,2.38552826,-4.27730412,-2.58731514,-4.27730412,2.04909406
row35,-2.58731514,2.2898056,1.74788157,2.04909406,-2.58731514,-2.58731514,3.04502358,-4.27730412,-2.58731514
row36,3.51502115,3.51502115,-1.65759615,2.04909406,2.38552826,0.75472331,0.75472331,-2.58731514,3.04502358
row37,-4.27730412,-2.58731514,-1.65759615,2.04909406,-4.22094573,2.2898056,2.38552826,-4.27730412,-2.58731514
row38,-1.65759615,2.04909406,-4.22094573,2.2898056,2.38552826,-4.27730412,-2.58731514,-4.27730412,2.04909406
row39,-2.58731514,2.2898056,3.51502115,2.04909406,-2.58731514,-2.58731514,3.04502358,-4.27730412,-2.58731514
row40,2.04909406,-2.58731514,-2.58731514,3.04502358,-4.27730412,-2.58731514,2.2898056,-2.54172144,0.24309495
row41,3.11477753,-4.22094573,2.38552826,-4.27730412,-1.65759615,0.75472331,2.47209217,2.47209217,0.75472331
row42,2.38552826,-4.27730412,-1.65759615,0.75472331,2.47209217,2.47209217,0.75472331,-2.58731514,3.51502115
row43,-4.27730412,-1.65759615,0.75472331,2.47209217,2.47209217,0.75472331,-2.58731514,3.51502115,-4.27730412
row44,-1.65759615,0.75472331,2.47209217,2.47209217,0.75472331,-2.58731514,3.51502115,-4.27730412,-3.89299821
row45,3.11477753,-4.22094573,2.38552826,-4.27730412,-1.65759615,0.75472331,1.74788157,2.47209217,0.75472331
row46,2.38552826,-4.27730412,-1.65759615,0.75472331,1.74788157,2.47209217,0.75472331,-2.58731514,3.51502115
row47,3.11477753,2.38552826,-1.65759615,0.75472331,-2.85287269,-1.65759615,3.04502358,-2.54172144,2.47209217
row48,0.75472331,3.98127016,-1.65759615,2.2898056,2.2898056,0.75472331,0.24309495,-3.89299821,0.75472331
row49,0.24309495,-3.89299821,0.75472331,3.98127016,2.38552826,-1.65759615,2.38552826,-4.22094573,-4.27730412
row50,0.24309495,2.38552826,3.04502358,-2.58731514,2.38552826,3.11477753,-2.54172144,-2.54172144,0.24309495
row51,2.38552826,-4.22094573,-1.65759615,2.04909406,0.75472331,-1.65759615,-4.22094573,-4.22094573,-2.85287269
row52,1.74788157,2.47209217,0.84341302,-1.65759615,-2.58731514,0.75472331,-3.89299821,-4.36077474,0.84341302
row53,-1.65759615,-2.54172144,2.2898056,-1.65759615,-1.65759615,3.51502115,0.75472331,-2.58731514,-3.89299821
row54,3.51502115,-2.54172144,1.74788157,0.75472331,3.51502115,3.51502115,2.04909406,-4.27730412,-2.58731514
row55,2.38552826,3.04502358,-2.58731514,-4.27730412,3.51502115,2.38552826,3.51502115,-4.22094573,-3.89299821
row56,-2.58731514,1.74788157,3.98127016,2.04909406,3.98127016,-2.58731514,-3.89299821,-2.54172144,0.75472331
row57,-2.54172144,0.75472331,-1.65759615,0.75472331,2.47209217,1.74788157,0.75472331,-2.85287269,-4.27730412
row58,-3.89299821,3.11477753,0.24309495,3.11477753,0.75472331,0.84341302,2.2898056,-2.54172144,-4.27730412
row59,3.11477753,0.24309495,3.11477753,0.75472331,0.84341302,2.2898056,-2.54172144,-4.27730412,0.24309495
row60,3.51502115,-4.27730412,-1.65759615,-2.85287269,-4.27730412,2.47209217,3.04502358,-4.27730412,3.51502115
row61,2.47209217,-4.22094573,3.11477753,2.38552826,0.75472331,3.04502358,3.51502115,-2.58731514,0.24309495
row62,3.11477753,2.38552826,0.75472331,3.04502358,3.51502115,-2.58731514,0.24309495,-4.27730412,0.75472331
row63,0.75472331,3.04502358,3.51502115,-2.58731514,0.24309495,-4.27730412,0.75472331,-2.85287269,2.04909406
row64,2.04909406,3.51502115,-4.27730412,-4.27730412,2.04909406,-4.27730412,-4.27730412,2.47209217,-4.27730412
row65,3.51502115,-4.27730412,-4.27730412,2.04909406,-4.27730412,-4.27730412,2.47209217,-4.27730412,-4.27730412
row66,-4.27730412,-4.27730412,2.04909406,-4.27730412,-4.27730412,2.47209217,-4.27730412,-4.27730412,-3.89299821
row67,-4.22094573,-4.27730412,3.04502358,0.84341302,0.24309495,-4.22094573,0.75472331,-4.22094573,2.04909406
row68,-4.22094573,0.75472331,-4.22094573,2.04909406,-2.54172144,-2.85287269,0.75472331,-4.22094573,-2.58731514
row69,2.47209217,-4.22094573,1.74788157,2.38552826,0.75472331,3.04502358,2.2898056,-2.58731514,0.24309495
row70,1.74788157,2.38552826,0.75472331,3.04502358,2.2898056,-2.58731514,0.24309495,-4.27730412,0.75472331
row71,0.75472331,3.04502358,2.2898056,-2.58731514,0.24309495,-4.27730412,0.75472331,-2.85287269,2.04909406
row72,0.75472331,-2.85287269,2.04909406,0.24309495,-2.58731514,-2.58731514,0.24309495,-4.27730412,-4.27730412
row73,2.04909406,0.24309495,-2.58731514,-2.58731514,0.24309495,-4.27730412,-4.27730412,-4.36077474,2.04909406
row74,2.2898056,3.04502358,-1.65759615,3.11477753,2.2898056,-1.65759615,2.47209217,-4.22094573,-1.65759615
row75,-1.65759615,3.11477753,2.2898056,-1.65759615,2.47209217,-4.22094573,-1.65759615,-4.27730412,0.24309495
row76,3.11477753,3.98127016,3.98127016,-2.58731514,3.51502115,2.47209217,2.47209217,-4.22094573,0.75472331
row77,2.2898056,3.04502358,-1.65759615,2.04909406,2.2898056,-1.65759615,2.47209217,-4.22094573,-1.65759615
row78,-1.65759615,2.04909406,2.2898056,-1.65759615,2.47209217,-4.22094573,-1.65759615,-4.27730412,0.24309495
row79,3.11477753,3.98127016,3.98127016,-2.58731514,3.51502115,2.47209217,-1.65759615,-4.22094573,0.75472331
