fold,best_reps,best_bandwidth,best_C,accuracy,balanced_accuracy,mcc,kta,cka,effective_rank,n_test
0,2,0.05,10.0,0.38461538461538464,0.3666666666666667,-0.2253744679276044,0.10897195012216415,0.12040541526876267,35.23151571209021,13
1,1,0.05,10.0,0.4166666666666667,0.4857142857142857,-0.050964719143762556,0.09905402872579844,0.10028425105949161,25.781066591848436,24
2,1,0.1,1.0,0.6111111111111112,0.6111111111111112,0.3535533905932738,0.1329999622050824,0.13555186805383912,49.10477336921224,18
3,2,0.2,10.0,0.5,0.4090909090909091,-0.2820380374088831,0.12641276085500058,0.12843165795584677,54.490712867598816,18
4,2,0.05,1.0,0.42857142857142855,0.6,0.2581988897471611,0.09376078748333583,0.10056851357036478,36.3396406136838,7
5,2,0.05,10.0,0.6666666666666666,0.6571428571428571,0.3142857142857143,0.0933596297125027,0.10133012656674478,34.10771431519972,12
6,1,0.1,10.0,0.36363636363636365,0.4,-0.3464101615137754,0.1379777933815004,0.13898788031038123,46.58219967241672,22
7,1,0.05,1.0,0.5,0.47619047619047616,-0.050964719143762556,0.08103373026475733,0.09471076173528621,25.334637351633546,16
8,2,0.1,1.0,0.38461538461538464,0.4833333333333333,-0.03042903097250923,0.12273875681799523,0.12407303267206679,55.007477023379586,13
9,2,0.05,1.0,0.47058823529411764,0.4861111111111111,-0.03268602252303067,0.11123356748616607,0.11596635846910648,35.17941181790099,17
10,1,0.1,10.0,0.47058823529411764,0.4930555555555556,-0.02151657414559676,0.12693305230026772,0.12888702497322124,48.05634923610388,17
11,1,0.05,10.0,0.4583333333333333,0.5625,0.14509525002200233,0.1230088979103644,0.10736554856988642,26.94567779081153,24
12,1,0.1,10.0,0.5,0.5892857142857143,0.15228622596829317,0.12655796422237792,0.12657080758964165,49.78577422255849,18
13,2,0.05,10.0,0.42857142857142855,0.4375,-0.125,0.09641697718809217,0.10646537788180749,33.924756953729215,14
14,2,0.1,1.0,0.5714285714285714,0.5,0.0,0.1192021508096087,0.12125573987699922,60.152615567813726,7
15,1,0.05,10.0,0.4375,0.4818181818181818,-0.034815531191139566,0.10079952070418746,0.09406422185520502,27.59889636997317,16
16,2,0.05,1.0,0.5,0.5666666666666667,0.1414213562373095,0.10062264976330859,0.11237080385808627,34.65829885025699,14
17,1,0.1,10.0,0.5238095238095238,0.5138888888888888,0.027777777777777776,0.13063901798805416,0.13293570707949748,49.663791607673986,21
18,1,0.1,10.0,0.47368421052631576,0.5113636363636364,0.025482359571881278,0.13442256214596918,0.13703100120051978,46.274508569343,19
19,1,0.2,1.0,0.5,0.5,0.0,0.12082218581839942,0.1226209045173938,61.097426472382494,10
20,2,0.05,10.0,0.4583333333333333,0.59375,0.2672612419124244,0.12346235544308036,0.116092567535259,33.37776145589176,24
21,2,0.05,1.0,0.5,0.4875,-0.025482359571881278,0.10936319935119529,0.11774582100770997,35.478220923116815,18
22,1,0.1,1.0,0.4,0.38095238095238093,-0.2182178902359924,0.12329891886990088,0.12544359442810865,54.062065660579506,10
23,1,0.05,10.0,0.42857142857142855,0.42857142857142855,-0.14285714285714285,0.07543554079738364,0.08823518940758561,23.63708935218947,14
24,1,0.1,0.1,0.2857142857142857,0.5,0.0,0.12249588227993419,0.12448564073380071,50.927021284750865,14
25,1,0.05,10.0,0.6666666666666666,0.6666666666666666,0.31622776601683794,0.0734123472635968,0.07889930405374676,26.28074753181725,9
26,1,0.05,10.0,0.3888888888888889,0.2692307692307692,-0.43852900965351455,0.09534631410310934,0.11079765501377738,24.331426580317455,18
27,1,0.1,10.0,0.5,0.525,0.05547001962252291,0.12836030359843484,0.12959804856664786,50.74721753650183,18
28,2,0.05,1.0,0.5789473684210527,0.5178571428571428,0.03912303982179758,0.08955356681994625,0.09978274764600825,33.07431443221867,19
29,2,0.05,10.0,0.5625,0.5833333333333333,0.16265001215808886,0.11089992872062031,0.11176555833044594,34.69363522271852,16
30,1,0.05,10.0,0.5,0.45833333333333337,-0.08058229640253803,0.07554213120248066,0.08888651611222827,26.589575853597545,18
31,2,0.05,10.0,0.4444444444444444,0.41666666666666663,-0.15811388300841897,0.09583749656243735,0.10162809178188795,35.530522893095736,9
32,1,0.1,10.0,0.42857142857142855,0.3958333333333333,-0.22821773229381923,0.12795072682627537,0.13026875213820227,50.3412383780907,14
33,1,0.1,10.0,0.6,0.5208333333333333,0.06804138174397717,0.13201044853400629,0.13455663114935718,49.46669950217232,20
34,1,0.1,10.0,0.42105263157894735,0.5119047619047619,0.0314970394174356,0.13682793788684647,0.13673607424553993,50.16176761008061,19
35,1,0.1,10.0,0.5294117647058824,0.45,-0.2091650066335189,0.12558363082103785,0.12813790386997037,50.601277454063634,17
36,1,0.2,10.0,0.5833333333333334,0.5,0.0,0.12274296769635148,0.12453344642613354,59.3055281918051,12
37,1,0.2,10.0,0.6923076923076923,0.6388888888888888,0.2777777777777778,0.12674143773789412,0.1281618850668761,61.31814143627516,13
38,1,0.5,1.0,0.5,0.45,-0.21693045781865616,0.12280058286206488,0.12418243103001779,57.523209777482954,18
39,1,0.05,10.0,0.35,0.2976190476190476,-0.37283929381053577,0.11680242011697696,0.10137998068535395,24.169639581104544,20
40,1,0.05,10.0,0.4,0.47619047619047616,-0.047619047619047616,0.07915411017419337,0.09250767843421212,27.11124898962276,10
41,2,0.05,1.0,0.15789473684210525,0.25,-0.6373774391990981,0.11951134264770082,0.1161690890941927,31.509716321099617,19
42,2,0.05,1.0,0.5625,0.6166666666666667,0.24370871833797697,0.10412043938323833,0.10938711829116234,34.575333435322584,16
43,2,0.2,10.0,0.21052631578947367,0.4,-0.3944053188733077,0.13185480811668587,0.13224073393596902,56.81341042550231,19
44,1,0.2,1.0,0.5625,0.5,0.0,0.12428369427190203,0.12628146872145296,55.75240256604156,16
45,2,0.2,10.0,0.6666666666666666,0.5,0.0,0.11576094165359108,0.11765200436087263,66.2235124382712,6
46,2,0.05,10.0,0.4090909090909091,0.45238095238095233,-0.09221388919541469,0.12575282704953059,0.125417396504331,30.317793944119504,22
47,1,0.2,10.0,0.6923076923076923,0.6375,0.31754264805429416,0.12507708885024268,0.12680872828806042,58.13973191420707,13
48,1,0.2,1.0,0.6470588235294118,0.6916666666666667,0.34993385618385614,0.12855389025736288,0.12927101222466322,58.05150225459771,17
49,1,0.1,1.0,0.5454545454545454,0.5454545454545454,0.10846522890932808,0.13004818183066064,0.13158014475555596,45.91045902480747,22
50,1,0.1,1.0,0.5,0.55,0.21693045781865616,0.13242331347969175,0.13484327505778312,47.18711065232442,18
51,2,0.05,1.0,0.5555555555555556,0.6103896103896104,0.24029618753167464,0.10464978929124466,0.10581277076747479,35.664679425129954,18
52,2,0.5,10.0,0.3333333333333333,0.4,-0.3567530340063379,0.11917990367706809,0.11985519784155661,63.94108436964045,12
53,2,0.1,1.0,0.07142857142857142,0.5,0.0,0.12778026423238661,0.12818798299172043,56.48268545191013,14
54,2,0.1,10.0,0.5,0.5,0.0,0.12898916155937687,0.13091236621216232,53.23700112427375,18
55,1,0.2,10.0,0.42857142857142855,0.5,0.0,0.12799692079669614,0.1309080789168684,60.32211698528582,14
56,1,0.1,1.0,0.7777777777777778,0.75,0.5976143046671968,0.1186456789686023,0.12055828557314013,55.00951313934443,9
57,2,0.05,1.0,0.3333333333333333,0.40336134453781514,-0.19327731092436976,0.13662919649294955,0.14258900188356258,35.328798301713,24
58,1,0.05,10.0,0.2857142857142857,0.39375,-0.2125,0.1147283893122714,0.08596452756826548,24.034678749225428,21
59,1,0.05,10.0,0.4166666666666667,0.2777777777777778,-0.408248290463863,0.07523806880424445,0.09078846316231928,24.535733147944608,12
60,2,0.05,1.0,0.6111111111111112,0.6111111111111112,0.2357022603955158,0.10559705850695521,0.11553105875476789,33.21151145831583,18
61,1,0.2,10.0,0.4166666666666667,0.4166666666666667,-0.30151134457776363,0.12385600986794386,0.12574990048952447,59.12956751781505,12
62,1,0.5,10.0,0.6,0.5555555555555556,0.12309149097933272,0.12051874507513768,0.12192178921958559,60.57840335544221,15
63,1,0.05,10.0,0.38095238095238093,0.37727272727272726,-0.24771684715343112,0.08700882803837355,0.10515841314723766,20.370521530252287,21
64,1,0.2,10.0,0.5,0.5,0.0,0.12475242301938401,0.1268465080016892,57.17478757520996,14
65,1,0.05,10.0,0.5714285714285714,0.5555555555555556,0.11322770341445958,0.08640345631612843,0.10276584357473938,24.377505990919477,21
66,1,0.05,10.0,0.44,0.48051948051948057,-0.05275349613399974,0.09639579346268655,0.09848930118062138,25.54505330028063,25
67,1,0.05,10.0,0.2857142857142857,0.26666666666666666,-0.4472135954999579,0.0801819349306076,0.09647135112335734,23.437479243893584,14
68,1,0.2,10.0,0.8181818181818182,0.75,0.6236095644623235,0.12184361910676351,0.12347415802079793,60.25734638172421,11
69,2,0.05,0.1,0.3333333333333333,0.5,0.0,0.09989902299590615,0.10438136485363257,36.67744582469633,9
70,1,0.2,10.0,0.5,0.45454545454545453,-0.2075143391598224,0.13552765474948297,0.13793768723696337,54.416558936708185,20
71,1,0.1,1.0,0.5333333333333333,0.5089285714285714,0.026207120918047958,0.12681672817684742,0.12902949876820904,50.543066009816826,15
72,2,0.05,10.0,0.5555555555555556,0.7142857142857143,0.3779644730092272,0.10094478047424296,0.10096461913579952,37.04221273842028,9
73,2,0.05,10.0,0.5789473684210527,0.5681818181818181,0.13636363636363635,0.10524757861191765,0.11692066016115357,33.12537869489333,19
74,1,0.05,1.0,0.4117647058823529,0.39285714285714285,-0.21428571428571427,0.08081655380987128,0.09594349616723959,24.323572331480516,17
75,2,0.1,1.0,0.5625,0.45,-0.2,0.1271498254131052,0.12922167430053189,53.1856040736915,16
76,2,0.05,10.0,0.375,0.36507936507936506,-0.2698412698412698,0.10139108024246571,0.1121728627308493,32.8888671045031,16
77,1,0.05,10.0,0.4,0.4107142857142857,-0.18898223650461363,0.08381634129223113,0.0935156517912745,26.067502717334012,15
78,2,0.05,10.0,0.6666666666666666,0.75,0.5,0.09351068943850721,0.09992610812191942,33.53174291391525,15
79,1,0.1,10.0,0.5555555555555556,0.5125,0.03952847075210474,0.1299013012620305,0.13259474753643635,50.00307907408319,18
80,2,0.2,10.0,0.45454545454545453,0.45454545454545453,-0.2182178902359924,0.1320182863172946,0.13482315382369492,55.05635085096218,22
81,2,0.05,1.0,0.3684210526315789,0.6,0.22360679774997896,0.1199293196414544,0.11517629489698838,31.49898374996106,19
82,1,0.2,1.0,0.3,0.5625,0.16666666666666666,0.12092189023316244,0.1223102076902705,61.34055073998714,10
83,1,0.05,10.0,0.3,0.29166666666666663,-0.408248290463863,0.08260493932293823,0.09719206205382312,24.998892164610407,10
84,1,0.1,1.0,0.2631578947368421,0.3269230769230769,-0.36539907432351754,0.12933265587106635,0.13086612710602374,48.71118689648658,19
85,1,0.05,10.0,0.38461538461538464,0.3875,-0.21957751641341997,0.0820193775963464,0.09667858865561249,25.677292511181403,13
86,1,0.05,10.0,0.4782608695652174,0.4722222222222222,-0.054278245606577465,0.09216869082422365,0.10911080874435013,22.95887861969742,23
87,2,0.05,10.0,0.2857142857142857,0.303030303030303,-0.3373495424699933,0.10637576526360323,0.10739802037841016,34.07115919100798,14
88,1,0.1,10.0,0.6666666666666666,0.6944444444444444,0.3888888888888889,0.1246369232344181,0.12499900404981197,51.26258717959204,15
89,2,0.2,1.0,0.4,0.5113636363636364,0.022727272727272728,0.12654697457081335,0.12749629796459405,60.97560404820628,15
90,1,0.05,1.0,0.29411764705882354,0.3833333333333333,-0.25064020591380154,0.084821742695076,0.10383915072713654,24.954101035077553,17
91,2,0.05,10.0,0.5789473684210527,0.6666666666666666,0.3944053188733077,0.11508907810434821,0.11861330912140856,34.98819543714735,19
92,1,0.1,10.0,0.3,0.3,-0.5,0.1218725791536795,0.12385958962715488,54.33950208125779,10
93,1,0.05,10.0,0.4166666666666667,0.41428571428571426,-0.1690308509457033,0.07677923197796377,0.0882974690109559,26.57075252751784,12
94,2,0.05,1.0,0.5454545454545454,0.5454545454545454,0.2182178902359924,0.10378713820579262,0.11789843207843871,30.78253271231719,22
95,2,0.05,10.0,0.8125,0.8125,0.674199862463242,0.09746506129727393,0.10655145888274381,34.167005760777265,16
96,1,0.1,1.0,0.5555555555555556,0.525,0.05976143046671968,0.12747986349719848,0.12952530026766051,49.35609114986354,18
97,1,0.2,10.0,0.3,0.375,-0.2182178902359924,0.12048162631565296,0.12184883331220936,61.2681491014335,10
98,1,0.1,1.0,0.37037037037037035,0.45454545454545453,-0.23652495839563303,0.1521730993581651,0.15186032989240095,44.95668401601983,27
99,1,0.2,10.0,0.5555555555555556,0.5,0.0,0.1210161523175561,0.1227027337504398,62.052755103375006,9
