mean_1,mean_2,mean_3,mean_4,std_1,std_2,std_3,std_4,y
-1.1732871233333333,-0.5513205633333335,-1.321155507777778,-0.07467904111111111,2.6173305310221187,2.9831706765420765,1.6797230073894576,0.6905702421983173,1
-1.1586559555555556,-1.361058987777778,-0.9332319044444445,0.10041397222222222,2.6404088715659073,2.5071390098963797,1.5605116545437518,1.0129977257734886,0
-1.2619957888888889,0.2882620466666666,-0.8284954377777778,0.09538674111111116,3.443358801915831,3.193600650239761,1.8235200545766257,1.0945456559275788,1
0.025952923333333298,-0.2790369344444445,-0.5058275066666666,-0.3044076133333333,2.140122444322115,1.9945729712284983,1.6817459820607448,0.770837244771628,0
0.333583518888889,-1.5081041166666667,-0.60209798,0.03225685333333333,2.7061228392505265,1.5689141063127858,1.4042883088013465,0.6437776852948125,0
1.0248291388888888,-1.5792789033333334,-0.39486252222222223,0.37083176333333334,2.3346157987390606,1.6339892628629293,1.360752095191481,0.8788736372826034,0
-0.2956754277777779,-1.5371842411111114,-0.8476745955555558,0.39795752555555564,2.360241226488009,2.319398728255807,1.4425144615276744,0.9236388835738137,0
0.04823931666666665,0.47681984555555545,-1.080638013333333,0.16459165888888888,2.6442455467787354,2.93654566361874,1.9391736361226033,0.802000627474774,0
0.13355754777777784,-0.5353439144444444,-0.6151562844444445,0.13482672888888889,2.79677368234526,2.410507090441022,1.700377649273397,0.7913025155031409,1
-0.09886046666666666,-0.3398928311111111,-1.3193360922222221,-0.1241725411111111,2.8790884464033653,2.8798179263258494,1.5963750164103399,0.7729368628265723,0
-0.2299243988888889,-0.8148878900000001,0.022084546666666642,-0.2884858322222222,1.6987534885258753,1.2871870803013452,1.403408952187501,0.7134460388153379,0
-0.2901786544444444,-0.959166377777778,-0.08683448777777777,-0.39163019111111114,2.2390796164975573,1.2939660430495041,1.432601163335853,0.6934818353373011,0
1.0248291388888888,-1.5792789033333332,-0.39486252222222223,0.37083176333333334,2.3346157987390606,1.6339892628629291,1.360752095191481,0.8788736372826034,0
-0.24762448888888888,-0.5035254933333335,-1.1689132811111111,0.10742559222222221,2.3477850737399155,2.897625444318125,1.320027998824366,1.0129459599502084,1
0.46688445111111115,-0.13725206777777776,-0.4229740877777778,0.025604325555555536,2.7306412253928656,2.328915708699685,1.6597015102873875,1.0392998495283676,1
-0.5659375044444445,-1.9679327633333337,-0.6624262233333335,0.19467453888888894,2.170117562801773,1.596119467987268,1.1792287977562708,0.9651506574892772,0
0.09549492666666665,-0.6580304888888889,-0.58336284,0.30977383999999997,3.007488095766051,2.1731240346405167,1.4944707691843533,1.2373191135779742,1
-0.05856676111111097,-0.8225223522222223,-0.5930028388888888,0.28233576222222223,3.1554670238142664,2.37119574838023,1.5031400020008887,1.4521604134607982,1
-0.25581956222222213,-1.9595996033333334,-0.36127379,0.21584123555555557,3.0188765968030764,1.8349710700744402,1.3112031534630433,1.3335404409557459,0
-0.44907804444444444,-0.1803648944444445,-1.0406304811111111,0.29342454999999995,2.8304760846455634,3.460877207723213,1.543123495368064,1.3498780835795494,1
-0.7255838011111112,0.25668047888888884,-0.7190094611111112,0.11471222555555552,3.1034630299644514,3.2793064438248556,1.694318170001492,1.4422393905144943,1
-1.2269446322222222,0.33917864555555544,-0.820928451111111,0.4676560844444444,2.6785688222034363,3.173021698868517,1.4316781156676393,1.2929288716322593,1
-0.30664186333333326,0.47743817555555546,-0.1744825544444444,0.31350000888888885,2.9042233436281566,2.349387558920732,1.4641760614308335,1.2911592765904063,1
-0.49045997111111117,0.13832044777777772,-0.20481399333333336,0.30773770333333333,3.126664389508256,2.425215745486024,1.4318653787522788,0.9825541197712909,0
-0.9067942333333333,-0.6644052044444444,-0.7823576511111111,0.45153290555555553,2.8141396235888396,2.8134770238337556,1.353825221527131,0.6292181928435954,1
-1.0542807688888889,-1.1202430044444445,-1.5603147744444446,-0.29293264333333335,3.090686399138221,2.6812600313575388,1.4390506347573733,0.8846185526060221,0
-0.15697292777777783,-0.80283093,-1.1539255777777777,-0.3993822833333333,3.404049660398649,2.663215804586606,1.8545560043781166,1.0091929133405309,0
0.19552464666666663,-1.493902758888889,-0.5994203988888889,0.2966483744444444,1.9908692916098782,1.651400275106745,1.3477579501969774,0.5480528300786556,0
0.6528912500000001,-0.6222801911111111,-0.4859036177777777,0.07961178444444446,3.099440234634299,2.3783273392158133,1.2587416782500516,1.1882770961956348,0
0.5267657988888887,-1.267186287777778,-0.4679308522222223,-0.17200841111111112,3.240990017110165,2.465746271869723,1.303894634466405,1.5938040891976066,0
-0.011529714444444443,-1.4071966744444444,-0.8923616677777777,0.21248806111111113,2.1956609987570643,2.3034471816688997,1.4990001234889296,0.47233046635292175,0
0.8851398244444444,-0.44847540999999996,-0.5569498077777777,0.14727753444444447,2.9579579757626338,2.7736291886877775,1.4196464299032825,1.1592615425645016,1
0.7521599122222223,0.4177926633333333,-0.13881297777777776,-0.21545448666666664,2.9621789188215186,2.7786739896351884,1.7102237768535975,1.433006904688095,1
-1.0246697988888889,-1.7841436311111112,-0.9217258422222222,0.06618213999999997,2.6873928776594056,1.8205673237619615,1.3998476465437197,1.0105707951488407,0
-0.5210525122222224,-1.7833004033333337,-0.7187689877777779,0.2693041755555556,2.90858271770875,1.8198452110060002,1.4132967096057953,1.236944777230029,0
-0.2140758044444444,-1.6376393166666667,-1.2368654088888889,0.08533504444444445,2.5461726337883097,2.2080589726878737,1.06916428584844,1.1725684536942458,0
1.4071046699999998,-0.2700808922222222,-0.7752584733333335,0.24920681333333336,1.8996331202585686,2.8845584712432184,1.786363798084765,1.030303530662466,0
-1.1135472222222222,-1.4191162722222221,-0.5958262188888889,0.022922689999999992,2.7955791390726534,1.9761728270738985,1.5338489016944665,1.0618283614076207,0
-0.6099299355555554,-1.4182730444444445,-0.3928693644444444,0.22604472555555555,3.0255158460903973,1.9753323015172493,1.4972319772303426,1.2868679617450114,1
-0.1658179588888888,-1.1967149322222221,-1.4482090533333334,0.28798096444444443,2.597403357940181,2.898712409304721,1.2763271843436532,1.0753360832759304,0
-0.46451372333333335,-1.36692192,-0.7800258644444445,0.12668308000000003,2.529830356674348,2.297656214637107,1.298943420891024,1.2256129322068288,0
0.19089310666666673,0.054091723333333244,0.025922330000000018,0.07558896333333326,2.7958038368838767,2.6153622741792786,1.1089062866528867,1.402813605922531,1
0.32798205222222215,0.1396729122222221,-0.68043839,0.5212976122222222,2.1873712219976618,3.1763989200062586,1.4926587721204687,1.069094531348318,1
-0.39275957777777776,-0.020189612222222337,-0.9805203,0.44463386,2.316884164860795,3.2803102451789106,1.3769835789819582,1.146190241255065,1
-0.35119679444444446,-0.04884626333333338,-0.9945476111111111,0.48767628555555553,2.2539420491271698,3.3059529686642075,1.385720725951458,1.0976517193267425,1
0.2944654122222223,-0.40058750666666676,-0.14844333999999998,-0.30466173,2.849917842502644,2.1005562310730626,1.2051052738950623,1.1985571039065666,1
0.4315543577777778,-0.3150063177777779,-0.85480406,0.1410469188888889,2.24903503455366,2.7837526343258623,1.4742843664366447,0.9964680308684744,0
0.32140864111111117,0.34593907444444444,0.5871651933333334,-0.2172608433333333,2.6949368998583685,1.8494445506906683,0.7818689868249376,1.3603197898427846,1
0.8419153222222221,-0.7719694311111112,-0.7305398844444445,0.10729752222222223,2.1646673118655135,1.97524393822716,1.6031233522987314,0.8831915491825673,0
-0.08211587444444435,-1.1888326411111114,0.24608436111111112,-0.43080223,3.2396319348168867,1.301648967163603,1.4254782815383455,0.8140386861587352,0
0.7016141066666665,-0.6411078377777778,0.39150653333333335,-0.48357421111111104,2.6730535518730005,1.6888788566873776,0.8518427916196517,1.0869229296610738,1
-1.4403060233333331,-0.4638000955555557,0.7904459766666667,-0.09683065777777777,3.011491426476938,1.4203242928954156,0.8231780988192288,1.2142381377340619,1
-0.7435543033333334,-0.2149318022222223,0.5011877744444445,0.5667731866666667,2.5516389886812627,2.6978036543333546,2.2835466485811375,1.2846429351786648,1
-0.8073221622222222,-0.07413806888888891,-0.5921851422222222,-0.11145776222222221,2.0744348448155905,2.4128908008608025,1.869769761111256,0.7038348501052193,0
0.5341883677777779,0.31252074111111106,-1.6391430377777774,0.1517954866666667,2.578898346864997,3.2345628542754943,1.5144910141758303,1.1224709319796682,0
0.060403065555555635,-0.03622420111111108,-0.8455962933333333,-0.3285867877777778,3.2768834392056596,2.802832181631639,1.8987590598141488,0.8130050366550422,0
0.5281518099999998,-1.369020688888889,-0.29404891555555557,-0.3730541833333333,3.078939797580699,1.8838608908577805,1.5689296531055181,1.325811710306156,0
-0.4851734122222222,-0.375625648888889,-0.38582173888888893,0.09016388666666669,2.3183938895606646,2.250479754321045,1.122385589815007,1.192089489432952,1
0.22071124555555555,-0.9061687977777777,-0.19726715444444448,-0.22366012333333338,2.8418481596423577,1.7404346604803802,1.9389181006678062,1.364634747957277,1
0.660014181111111,-0.8190701011111111,0.024627924444444463,-0.07183405999999999,2.524117025693206,1.652154536933186,1.8424541178986502,1.409725970959515,1
-0.7278125355555555,0.7052291477777778,-0.9712513855555556,0.013977116666666666,2.9953150696720896,2.924886952669333,1.771368799603323,1.2623802518958298,1
0.991052572222222,0.15011420777777773,-0.26796661555555557,-0.043476823333333345,2.6501833032843067,2.6887560432537034,1.4893084754719335,1.3200754654187528,1
1.1030327833333335,-0.937821318888889,-0.7328317677777778,-0.20544673555555557,2.452473491269019,2.3184116893229803,1.4158664966661574,0.9988875780545649,0
0.29319376444444445,-1.0863137944444443,-0.7870366044444446,0.40606863555555556,2.599977699751213,2.4704172217190066,1.3475483060602318,1.137154947709217,0
-1.0515639466666666,-1.1763909822222223,-1.2504057411111111,0.3295787166666666,3.09653424682571,3.0512705261560833,1.187098949598671,1.48285190536988,0
-1.7428095666666665,-1.1052161955555557,-1.4576411988888889,-0.008996193333333347,2.8691069302365695,3.006210670677372,1.0633253509262368,1.3451595839404686,1
-2.3778612355555553,-1.8724364844444448,-1.2909803644444446,-0.12943566444444446,2.4216939997653317,2.3046102814442366,0.8270471645403958,1.3303277294612739,0
-0.9425822966666666,-0.81727878,0.6896964799999998,-0.07384639222222224,3.237490783389201,1.7317179628270218,1.6297111751298599,1.516791063270022,1
-1.8070685222222223,-0.7778351222222223,0.15871358000000002,-0.047317436666666636,2.799571292815994,1.8916485769320797,1.1490486612733808,1.3017904436852672,1
0.7171948911111111,0.014650241111110955,-0.3520105666666667,0.04561827999999999,2.4371286368092338,2.3829679971556064,1.3493299829030332,1.2516854697366953,0
0.8291751022222221,-1.0732852855555555,-0.8168757188888889,-0.1163516322222222,2.2360122134846927,1.8688402920539386,1.232649228185115,0.9243174822486001,0
0.20701074,-1.303479938888889,-0.6976845,0.4308133344444445,2.531345701919749,1.9956032527531635,1.1744923138244445,1.1447699079658455,0
-1.0236448722222222,-2.2953580277777776,-0.74893267,0.5290250599999999,2.3688071381873432,1.037788255936721,0.9777995592524752,0.9773159012208292,0
-1.1447515444444445,-1.9746389722222222,-0.5577244366666667,0.5828493022222223,2.9363381971812994,2.2763549685373072,1.0827276955882639,1.1139488079947362,0
0.25750459444444446,1.1028407755555556,0.18060143999999995,-0.24149554222222225,2.670596621506054,1.5472827893681766,1.6045120117029343,1.3219883185285908,1
-0.6128922622222223,0.21239101666666657,0.19113030666666664,-0.14287938333333333,2.6180707402431214,2.0498849539180806,1.4280459309668365,1.241503719674652,1
1.348014058888889,0.8914579588888887,-0.04679167333333334,-0.09484740888888893,2.9656990166300217,2.788579354449123,1.7414559757986876,1.646470106711865,1
0.13271895111111115,0.8157289133333332,0.1837853433333333,0.20059379555555554,2.510619337926495,2.0552526496178083,1.6044659981678024,1.4044708876032015,1
-0.7376779055555556,-0.07472084555555554,0.19431420999999996,0.2992099544444444,2.4043789686175825,2.335974250432456,1.42796782107223,1.2915584589617972,1
1.0563385544444446,0.41387017222222205,0.09113246222222221,-0.3919832755555556,3.1196058774064093,2.4948644074002018,1.8074298806038152,1.3998015725675519,1
