fold,best_representation,inner_score,accuracy,balanced_accuracy,mcc,kta,cka,effective_rank,n_train,n_test,best_C,best_degree,best_gamma,best_coef0
0,mean_z,0.8159722222222223,0.8461538461538461,0.9,0.6928203230275508,0.2079168477538143,0.2881855081356062,7.956287158012498,67,13,0.1,3,scale,1.0
1,mean_z,0.8252840909090909,0.9166666666666666,0.9142857142857144,0.8285714285714286,0.18308534267471915,0.3292593596415394,5.344119311166657,56,24,1.0,2,0.1,1.0
2,mean_z,0.8496527777777778,0.8888888888888888,0.8888888888888888,0.7777777777777778,0.1869272042861262,0.3093070283389963,6.149928875730132,62,18,1.0,2,scale,1.0
3,mean_z,0.7966679154179155,0.9444444444444444,0.9545454545454546,0.8918825850158447,0.1652610801820386,0.2775190425247382,5.653863186892915,62,18,10.0,2,scale,1.0
4,mean_z,0.8575434981684982,0.5714285714285714,0.55,0.09128709291752768,0.2748227951854521,0.2532573545196007,7.579016549197661,73,7,10.0,3,scale,0.0
5,mean_z,0.8087339743589743,1.0,1.0,1.0,0.15622797572810918,0.23335789205816618,6.258157385042563,68,12,0.1,3,scale,1.0
6,mean_z,0.7633928571428572,0.9090909090909091,0.9166666666666667,0.8333333333333334,0.21033295158169554,0.33808696688353307,5.828776885879971,58,22,1.0,2,scale,1.0
7,mean_z,0.903219696969697,0.6875,0.6904761904761905,0.3779644730092272,0.2176648782159064,0.3518994374214,5.885601146973023,64,16,1.0,2,scale,1.0
8,mean_z,0.8002840909090909,0.8461538461538461,0.9,0.6928203230275508,0.1642048822832012,0.22261694181661634,8.263921833578777,67,13,1.0,3,scale,1.0
9,mean_z,0.8694444444444445,0.8823529411764706,0.8888888888888888,0.7888106377466154,0.2198130091228489,0.30402038013272475,7.5661881499088235,63,17,0.1,3,scale,1.0
10,mean_z,0.8116720085470085,0.8823529411764706,0.8888888888888888,0.7888106377466154,0.20939453105133854,0.3447206861826793,5.232831316214604,63,17,1.0,2,0.1,1.0
11,mean_z,0.8319444444444444,0.8333333333333334,0.8125,0.625,0.22307391371161162,0.30788114109260883,8.410913355161679,56,24,1.0,3,scale,1.0
12,mean_z,0.8121392496392497,0.8333333333333334,0.8035714285714286,0.5635445125120265,0.16336341267158055,0.2716421912564388,5.883853734325919,62,18,1.0,2,0.1,1.0
13,mean_z,0.8436274509803922,0.6428571428571429,0.6458333333333333,0.28867513459481287,0.1821594159182443,0.3266858692573409,5.410493584361489,66,14,0.1,2,0.1,1.0
14,mean_z,0.8715277777777778,1.0,1.0,1.0,0.15277374613948283,0.2844884194789748,4.975000374593455,73,7,1.0,2,scale,1.0
15,mean_z,0.8382478632478633,0.9375,0.9,0.8563488385776753,0.18773467009436287,0.33347080137069596,5.238600152836379,64,16,1.0,2,0.1,1.0
16,mean_z,0.853219696969697,0.7857142857142857,0.7,0.5477225575051662,0.18767100042942497,0.2654011073324453,8.18989082562399,66,14,1.0,3,scale,1.0
17,mean_z,0.886656746031746,0.8095238095238095,0.8333333333333333,0.6793662204867574,0.221127894249486,0.3594108831726304,5.572409442405282,59,21,1.0,2,0.1,1.0
18,mean_z,0.8603174603174603,0.8947368421052632,0.8920454545454546,0.7840909090909091,0.25548454273616733,0.2411071117218618,6.523524133509121,61,19,1.0,3,scale,0.0
19,mean_z,0.7923926767676768,1.0,1.0,1.0,0.1536030437774468,0.27249387700516786,5.808773934222915,70,10,1.0,2,scale,1.0
20,mean_z,0.8709280303030303,0.625,0.625,0.23652495839563303,0.1874669747418999,0.29477341698459736,8.450597345022489,56,24,10.0,3,scale,1.0
21,mean_z,0.8301587301587301,0.7777777777777778,0.775,0.55,0.19973167401654623,0.3340574702363526,5.875490275385759,62,18,1.0,2,scale,1.0
22,mean_z,0.8484375,0.8,0.8571428571428572,0.6546536707079772,0.22076273384025152,0.3350871587188838,7.078072333146231,70,10,0.1,3,0.1,1.0
23,mean_z,0.8465909090909092,0.7857142857142857,0.7857142857142857,0.5773502691896257,0.21264883734883908,0.20087192082086938,5.891178626380936,66,14,1.0,3,0.1,0.0
24,mean_z,0.8167075163398693,1.0,1.0,1.0,0.14693910498285798,0.24590253470144394,6.213987244009825,66,14,1.0,2,scale,1.0
25,mean_z,0.8241815476190477,0.6666666666666666,0.75,0.5,0.1977957224744232,0.3265980363943035,5.809761237239492,71,9,0.1,2,scale,1.0
26,mean_z,0.8554601648351647,0.7222222222222222,0.6846153846153846,0.35082320772281167,0.17902418440981044,0.29586633383474503,5.872095875375263,62,18,10.0,2,scale,1.0
27,mean_z,0.8437728937728937,0.8888888888888888,0.9,0.8,0.15688011692143788,0.24048762367382298,7.240308431839262,62,18,1.0,3,0.1,1.0
28,mean_z,0.888003663003663,0.7894736842105263,0.7738095238095238,0.5476190476190477,0.22975636773982355,0.3228500561571348,7.984736786707449,61,19,0.1,3,0.1,1.0
29,mean_z,0.8323232323232322,0.8125,0.75,0.6201736729460423,0.21213361495344527,0.2979340171735047,7.33327731150687,64,16,0.1,3,0.1,1.0
30,mean_z,0.8600743006993008,0.8333333333333334,0.7916666666666666,0.6139406135149204,0.1780633137576583,0.31107958843184225,5.612903308202487,62,18,1.0,2,scale,1.0
31,mean_z,0.8373969780219781,0.8888888888888888,0.9166666666666667,0.7905694150420948,0.18764253594696398,0.258160164626913,8.181709721359946,71,9,0.1,3,scale,1.0
32,mean_z,0.8877840909090908,0.7142857142857143,0.7291666666666667,0.4583333333333333,0.2392850337450861,0.32187246290056754,8.663193897978127,66,14,0.1,3,0.1,1.0
33,mean_z,0.9025297619047619,0.9,0.8958333333333333,0.7916666666666666,0.1436269175869023,0.2740725597498314,5.2023421631916715,60,20,1.0,2,0.1,1.0
34,mean_z,0.8407061688311688,0.8421052631578947,0.8154761904761905,0.6547702297173061,0.21787985142827934,0.30156355458149153,7.799592576300194,61,19,1.0,3,0.1,1.0
35,mean_z,0.8848214285714285,0.6470588235294118,0.6571428571428571,0.3098898934004561,0.20168305328734834,0.3314874886338415,6.035101598044886,63,17,1.0,2,scale,1.0
36,mean_z,0.859375,1.0,1.0,1.0,0.16041851461413198,0.29659436103389075,5.149260688454414,68,12,1.0,2,0.1,1.0
37,mean_z,0.8497460872460872,0.9230769230769231,0.875,0.8215838362577492,0.16264732383971442,0.26894647528748766,6.260253128483889,67,13,1.0,2,scale,1.0
38,mean_z,0.7461219336219337,0.7222222222222222,0.75,0.5547001962252291,0.21333322469055588,0.3664676548699113,4.979559220432244,62,18,10.0,2,scale,1.0
39,mean_z,0.7479978354978355,0.9,0.9285714285714286,0.8017837257372732,0.23244936451225492,0.2794248972019627,7.97394435189496,60,20,1.0,3,scale,1.0
40,mean_z,0.8612179487179488,1.0,1.0,1.0,0.1984756651526275,0.3389300626439761,5.392861616363529,70,10,1.0,2,scale,1.0
41,mean_z,0.7708333333333333,0.9473684210526315,0.9615384615384616,0.8894991799933215,0.13312221559636375,0.21599889591799573,8.21320869718468,61,19,0.1,3,scale,1.0
42,mean_z,0.8236111111111111,0.875,0.8666666666666667,0.7333333333333333,0.20082085540088307,0.325996218203717,5.870226506063138,64,16,1.0,2,scale,1.0
43,mean_z,0.9151785714285714,0.8421052631578947,0.8285714285714285,0.6225317562548818,0.1958777456172874,0.2662225714395216,8.87339584981768,61,19,0.1,3,scale,1.0
44,mean_z,0.8531249999999999,0.75,0.746031746031746,0.49206349206349204,0.2179604080668888,0.353740642620462,5.886208953763407,64,16,1.0,2,scale,1.0
45,mean_z,0.829301948051948,1.0,1.0,1.0,0.17293436606597098,0.295106344157688,5.910944985230713,74,6,1.0,2,scale,1.0
46,mean_z,0.7350694444444444,0.6363636363636364,0.7333333333333334,0.4666666666666667,0.21164140704952397,0.21328696839614816,6.3193148260686245,58,22,1.0,3,0.1,0.0
47,mean_z,0.8315799396681749,0.6153846153846154,0.6125,0.21957751641341997,0.21123026110734616,0.28452483326838635,8.103096700841382,67,13,10.0,3,0.1,1.0
48,mean_z,0.8512806637806638,0.8235294117647058,0.8166666666666667,0.6038596398555418,0.2031590163909473,0.3342298046102032,5.735959894851101,63,17,1.0,2,scale,1.0
49,mean_z,0.8633928571428573,0.7727272727272727,0.7727272727272727,0.5477225575051661,0.20981111442859607,0.30680654116726475,7.845993163029372,58,22,0.1,3,scale,1.0
50,mean_z,0.7536213786213787,0.6666666666666666,0.675,0.35,0.24111722048133014,0.24844794703195644,8.34346589222093,62,18,0.1,3,1,1.0
51,mean_z,0.8919552669552671,0.8333333333333334,0.7857142857142857,0.6700593942604899,0.201777476788483,0.33163291816037777,5.975456995840104,62,18,1.0,2,scale,1.0
52,mean_z,0.8312791375291375,0.75,0.7857142857142857,0.5976143046671968,0.17164695830635315,0.17832774041798707,6.8126756019555845,68,12,10.0,3,0.1,0.0
53,mean_z,0.8269607843137254,0.9285714285714286,0.5,0.0,0.16871203586392972,0.2679165355595031,5.585178672381332,66,14,1.0,2,scale,1.0
54,mean_z,0.885342261904762,0.8888888888888888,0.8888888888888888,0.7777777777777778,0.21694177230677789,0.356945524003418,5.448969984874503,62,18,1.0,2,0.1,1.0
55,mean_z,0.8419486215538846,0.8571428571428571,0.8541666666666667,0.7083333333333334,0.15572115503082326,0.27792632915041143,5.581021889400302,66,14,1.0,2,scale,1.0
56,mean_z,0.873146645021645,0.8888888888888888,0.875,0.7905694150420948,0.19694887819001575,0.32209638976101523,6.0137902926328906,71,9,1.0,2,scale,1.0
57,mean_z,0.730406746031746,0.8333333333333334,0.8823529411764706,0.6975894322900689,0.20841156424223042,0.29814146541808706,7.504853469269649,56,24,0.1,3,scale,1.0
58,mean_z,0.8286356209150327,0.47619047619047616,0.51875,0.032274861218395144,0.18469848704917094,0.233175994181087,8.565842093636212,59,21,0.1,3,1,1.0
59,mean_z,0.835763888888889,0.9166666666666666,0.9444444444444444,0.816496580927726,0.17269283718771794,0.29000601489591904,5.608060352308184,68,12,1.0,2,scale,1.0
60,mean_z,0.8186372655122656,0.8333333333333334,0.8333333333333333,0.6708203932499369,0.2345195107570489,0.242361940422652,7.454321764819453,62,18,1.0,3,1,0.0
61,mean_z,0.8118551587301587,0.8333333333333334,0.8333333333333334,0.6666666666666666,0.195641557730731,0.3364829964088225,5.220766192267196,68,12,1.0,2,0.1,1.0
62,mean_z,0.8826923076923077,0.8666666666666667,0.8888888888888888,0.7637626158259733,0.17690084596033775,0.30713691838130736,5.768918212290339,65,15,1.0,2,scale,1.0
63,mean_z,0.8005952380952381,0.8571428571428571,0.85,0.7416198487095663,0.15928338336548933,0.2728923187601916,6.278179138591632,59,21,0.1,2,scale,1.0
64,mean_z,0.8384785353535353,0.8571428571428571,0.8571428571428572,0.7453559924999299,0.17914584705410547,0.3181247135025399,5.1919621739174255,66,14,1.0,2,0.1,1.0
65,mean_z,0.8297008547008546,0.8095238095238095,0.8055555555555556,0.6111111111111112,0.18471762748058157,0.2622809284059065,7.045138817933897,59,21,0.1,3,0.1,1.0
66,mean_z,0.8316468253968254,0.88,0.8831168831168831,0.761306166786451,0.1714456893830524,0.2511019522624179,8.18214121070435,55,25,1.0,3,0.1,1.0
67,mean_z,0.889330808080808,0.7857142857142857,0.7444444444444445,0.5185449728701348,0.18269345703912218,0.3098640592010288,6.041154246899918,66,14,1.0,2,scale,1.0
68,mean_z,0.880437271062271,1.0,1.0,1.0,0.18825540096210477,0.26322171730292904,8.210724650480682,69,11,0.1,3,scale,1.0
69,mean_z,0.8500744047619047,0.7777777777777778,0.75,0.5,0.2257906176777375,0.3030949708745376,7.477075966361909,71,9,0.1,3,scale,1.0
70,mean_z,0.8647186147186148,0.8,0.7878787878787878,0.6005325641789633,0.2000748060485178,0.33998000441963994,5.6290927928267305,60,20,1.0,2,scale,1.0
71,mean_z,0.9059586247086246,0.8,0.7946428571428572,0.600099198148979,0.21335410360932794,0.2987529040002566,7.938469078303043,65,15,0.1,3,scale,1.0
72,mean_z,0.8194444444444444,0.8888888888888888,0.9285714285714286,0.7559289460184544,0.16335181258471035,0.2434995468449168,8.78542052666706,71,9,1.0,3,scale,1.0
73,mean_z,0.8319444444444445,0.7894736842105263,0.8011363636363636,0.5955432118425306,0.1923518991008204,0.32173749501400195,5.999985180774091,61,19,1.0,2,0.1,1.0
74,mean_z,0.862987012987013,0.7058823529411765,0.75,0.5400617248673217,0.18457178628757387,0.24013672065085798,6.262911795187424,63,17,0.1,3,0.1,1.0
75,mean_z,0.9001893939393939,0.8125,0.85,0.6831300510639732,0.21729811178072794,0.3032758303576072,7.867870820316885,64,16,1.0,3,scale,1.0
76,mean_z,0.7991883116883116,1.0,1.0,1.0,0.16850899458082028,0.30356722851975193,5.301768321015719,64,16,1.0,2,0.1,1.0
77,mean_z,0.7826839826839826,0.8666666666666667,0.8660714285714286,0.7321428571428571,0.18306784768669002,0.2575855629281372,8.95337641803541,65,15,0.1,3,scale,1.0
78,mean_z,0.80625,0.8666666666666667,0.8500000000000001,0.7,0.19970541520081053,0.3190226167572969,5.814680993354713,65,15,1.0,2,scale,1.0
79,mean_z,0.8724206349206349,0.8888888888888888,0.8875,0.775,0.23480556625958166,0.21582689032214064,6.286138860571364,62,18,10.0,3,0.1,0.0
80,mean_z,0.7776199494949495,0.7727272727272727,0.7727272727272727,0.5669467095138409,0.22130673852432445,0.22109434407621034,7.4186167529655,58,22,1.0,3,scale,0.0
81,mean_z,0.8240530303030303,0.631578947368421,0.675,0.2857738033247041,0.20235145483405997,0.2827892235608447,5.940662498061451,61,19,10.0,2,scale,1.0
82,mean_z,0.8493551587301588,1.0,1.0,1.0,0.1860420507558098,0.32405028637217365,5.562852921820255,70,10,1.0,2,scale,1.0
83,mean_z,0.8315132783882784,0.8,0.8333333333333333,0.6666666666666666,0.22265761772995238,0.31350984805212423,7.760573024638565,70,10,0.1,3,scale,1.0
84,mean_z,0.9053977272727273,0.7894736842105263,0.7564102564102564,0.5128205128205128,0.16992448331047302,0.2910037711759085,5.54203225030218,61,19,1.0,2,0.1,1.0
85,mean_z,0.7809523809523808,0.9230769230769231,0.9375,0.8539125638299666,0.2232240471406721,0.20671637391392467,6.227773198360605,67,13,10.0,3,scale,0.0
86,mean_z,0.8510416666666666,0.8260869565217391,0.8373015873015872,0.6590929823655834,0.20816912681193958,0.33875546262719597,6.216840559856769,57,23,1.0,2,scale,1.0
87,mean_z,0.8611516955266955,0.7142857142857143,0.8181818181818181,0.5222329678670935,0.19786805802001062,0.2717825112715757,7.5961561957618375,66,14,1.0,3,scale,1.0
88,mean_z,0.7734577922077922,0.8,0.8333333333333333,0.6666666666666666,0.2696957401493191,0.2459278015507227,8.678313496755447,65,15,0.1,3,0.1,0.0
89,mean_z,0.8752976190476192,0.8666666666666667,0.8295454545454546,0.6590909090909091,0.1743160402990045,0.30410080150639157,5.498872822098231,65,15,1.0,2,scale,1.0
90,mean_z,0.7870421245421246,0.9411764705882353,0.9,0.8593378488473195,0.1464859683436752,0.2602684158733843,5.78798678986259,63,17,0.1,2,scale,1.0
91,mean_z,0.797275641025641,0.8947368421052632,0.8869047619047619,0.7738095238095238,0.19373871378665689,0.322699625887232,5.741771004672327,61,19,1.0,2,scale,1.0
92,mean_z,0.9574652777777778,0.5,0.5,0.0,0.22719182469952368,0.3674278079949766,5.907666430707872,70,10,1.0,2,scale,1.0
93,mean_z,0.8366026334776335,0.75,0.7571428571428571,0.50709255283711,0.22689596847894086,0.30625367750894084,6.753236739204762,68,12,0.1,3,scale,1.0
94,mean_z,0.6631944444444444,0.8636363636363636,0.8636363636363636,0.7302967433402214,0.154818824234636,0.22910667272021498,7.15577727842913,58,22,1.0,3,scale,1.0
95,mean_z,0.823051948051948,0.875,0.875,0.7745966692414834,0.19144610203366136,0.3191449897966959,5.872659184547418,64,16,1.0,2,scale,1.0
96,mean_z,0.8381809163059164,0.8333333333333334,0.85,0.7135060680126758,0.25214698624125054,0.23268433066915176,8.377389506517364,62,18,1.0,3,0.1,0.0
97,mean_z,0.8595734126984126,0.9,0.9375,0.7637626158259734,0.19096910053214688,0.1785039771883547,6.453020659596986,70,10,0.1,3,0.1,0.0
98,mean_z,0.884077380952381,0.7037037037037037,0.7357954545454546,0.4798409384402383,0.2758646376385052,0.43309755799615873,5.94657332938069,53,27,1.0,2,scale,1.0
99,mean_z,0.8413194444444444,1.0,1.0,1.0,0.16444848017296979,0.28167557909614754,5.5928152752880465,71,9,1.0,2,scale,1.0
