fold,best_representation,inner_score,accuracy,balanced_accuracy,mcc,kta,cka,effective_rank,n_train,n_test,best_C
0,mean_z,0.7881944444444444,0.9230769230769231,0.95,0.8215838362577492,0.3075148341597164,0.3337415034326314,3.8259147078832054,67,13,1.0
1,mean_z,0.8323863636363638,0.875,0.8785714285714286,0.7491587023046328,0.31058268488286145,0.3481594605965928,3.71816183157863,56,24,10.0
2,mean_z,0.8746527777777777,0.8333333333333334,0.8333333333333333,0.6708203932499369,0.3187450130362361,0.33788215777282143,3.8297368922672135,62,18,1.0
3,mean_z,0.8275932400932401,0.9444444444444444,0.9545454545454546,0.8918825850158447,0.2843778733685626,0.30635702432647555,3.7882241792559253,62,18,1.0
4,mean_z,0.8628853785103785,0.5714285714285714,0.55,0.09128709291752768,0.3461868262210834,0.3631869419497587,3.684506602331846,73,7,1.0
5,mean_z,0.7876869658119658,1.0,1.0,1.0,0.2515358152109405,0.29428601351474154,3.834968252302188,68,12,10.0
6,mean_z,0.7682539682539683,0.8181818181818182,0.825,0.65,0.3479932015572253,0.36572458134574287,3.686239120282265,58,22,0.1
7,mean_z,0.9053030303030303,0.625,0.6349206349206349,0.2698412698412698,0.3715206596408831,0.38844878631364316,3.8123093272506576,64,16,1.0
8,mean_z,0.8315340909090909,0.9230769230769231,0.95,0.8215838362577492,0.2729785105031374,0.2930386005731127,3.9152116696322645,67,13,10.0
9,mean_z,0.8305555555555555,0.9411764705882353,0.9444444444444444,0.8888888888888888,0.3135591432583765,0.33248211812096506,3.5794157429360687,63,17,10.0
10,mean_z,0.8230235042735042,0.8235294117647058,0.8263888888888888,0.6527777777777778,0.34514880923064933,0.3599742381554352,3.707346462291823,63,17,10.0
11,mean_z,0.76875,0.8333333333333334,0.8125,0.625,0.3510670595793034,0.37172880253213897,3.807983674970758,56,24,10.0
12,mean_z,0.8007756132756133,0.8333333333333334,0.8035714285714286,0.5635445125120265,0.2735361186510643,0.2888387190273619,3.9459558726305057,62,18,1.0
13,mean_z,0.8197303921568628,0.7857142857142857,0.8125,0.6454972243679028,0.32824994250211215,0.35184386552085134,3.817560796192698,66,14,1.0
14,mean_z,0.8607638888888889,1.0,1.0,1.0,0.26497893074175577,0.30603022047831335,3.735303207704046,73,7,1.0
15,mean_z,0.8432081807081807,0.9375,0.9,0.8563488385776753,0.32088858849824603,0.35447698789483445,3.8420299657799806,64,16,10.0
16,mean_z,0.8661616161616161,0.7142857142857143,0.6444444444444444,0.3373495424699933,0.30925448976826736,0.3355053597148976,3.9499544900182113,66,14,0.1
17,mean_z,0.8437996031746031,0.7619047619047619,0.7777777777777777,0.5555555555555556,0.3707719036352614,0.39044363012387984,3.7604578660557877,59,21,1.0
18,mean_z,0.8415674603174603,0.9473684210526315,0.9375,0.8955910525085282,0.2733023744036466,0.30275027513190633,3.4611934272281615,61,19,10.0
19,mean_z,0.8031565656565656,0.9,0.9,0.816496580927726,0.26976906842659615,0.29686311516783837,3.7970707873795657,70,10,1.0
20,euclid_centroid,0.7892316017316018,0.4166666666666667,0.53125,0.07905694150420949,0.05901262723239254,0.07269071998199053,5.830525119517823,56,24,1.0
21,mean_z,0.8123015873015872,0.7777777777777778,0.775,0.55,0.344485066168523,0.3663943317382714,3.799587955727027,62,18,0.1
22,mean_z,0.8583333333333334,0.7,0.7857142857142857,0.5345224838248488,0.3180216941330937,0.36788457514788325,3.5313653572510915,70,10,10.0
23,mean_z,0.8329545454545455,0.8571428571428571,0.8571428571428572,0.7453559924999299,0.31455621267453004,0.34114070404535035,3.703723008408477,66,14,1.0
24,mean_z,0.8064133986928105,0.9285714285714286,0.875,0.8257228238447705,0.24481230511881522,0.2612335873356533,3.9175163156613158,66,14,10.0
25,mean_z,0.8319940476190477,1.0,1.0,1.0,0.3328322333083376,0.3553386856879963,3.8395081268706397,71,9,10.0
26,mean_z,0.8434409340659341,0.8333333333333334,0.823076923076923,0.6139406135149204,0.28950435074913233,0.3111128094594604,3.9021853973341356,62,18,10.0
27,mean_z,0.8462454212454213,0.9444444444444444,0.95,0.8944271909999159,0.26028960609202334,0.2871219304219873,3.6878728627257007,62,18,0.1
28,mean_z,0.8914758852258853,0.7368421052631579,0.7023809523809523,0.4200412794412907,0.35499415157463116,0.3802615120248755,3.852396375618077,61,19,0.1
29,mean_z,0.8427398989898989,0.8125,0.75,0.6201736729460423,0.32447006008052864,0.34668972652309205,3.818946646288871,64,16,0.1
30,mean_z,0.8685533216783217,0.7777777777777778,0.75,0.5,0.3003113173093883,0.3259697859727953,3.564091642136694,62,18,0.1
31,mean_z,0.8291552197802199,0.8888888888888888,0.8333333333333333,0.7559289460184544,0.316111429042293,0.3369455449503816,3.826271522601429,71,9,1.0
32,mean_z,0.8669507575757576,0.8571428571428571,0.8541666666666667,0.7083333333333334,0.35834327005590494,0.3759498296026327,3.6619758172719923,66,14,1.0
33,mean_z,0.7306547619047619,0.85,0.8333333333333333,0.6847367880174606,0.2599070706324256,0.2893837617651201,3.8902328882446717,60,20,10.0
34,mean_z,0.8450013528138529,0.8421052631578947,0.8154761904761905,0.6547702297173061,0.3489472714730231,0.36965863199058546,3.8288639151221844,61,19,10.0
35,mean_z,0.849107142857143,0.6470588235294118,0.6357142857142857,0.2714285714285714,0.34898940878768814,0.36545931510215907,3.8646249926913767,63,17,10.0
36,mean_z,0.846875,0.9166666666666666,0.9285714285714286,0.8451542547285166,0.28353062249482464,0.32358600866232856,3.8403423806935124,68,12,0.1
37,mean_z,0.8704847236097236,0.8461538461538461,0.75,0.6396021490668313,0.27638438077174843,0.2920034925148679,3.9108369870597923,67,13,1.0
38,mean_z,0.741657647907648,0.7777777777777778,0.7875,0.575,0.35188721311748583,0.39347693023874786,3.7364666905326955,62,18,1.0
39,mean_z,0.7832566738816739,0.95,0.9642857142857143,0.8921425711997711,0.31968082521547403,0.31450246622751826,3.6184526820976726,60,20,10.0
40,mean_z,0.8302083333333332,0.9,0.9285714285714286,0.8017837257372732,0.32517762390841154,0.35184630260321065,3.752025786908114,70,10,1.0
41,mean_z,0.8322916666666667,0.9473684210526315,0.9615384615384616,0.8894991799933215,0.21298340501492297,0.25767619876738396,3.9843080165873066,61,19,1.0
42,mean_z,0.8621527777777778,0.875,0.8666666666666667,0.7333333333333333,0.33157926396659226,0.3525892442324401,3.7858742643889602,64,16,0.1
43,mean_z,0.8407738095238095,0.7894736842105263,0.7285714285714285,0.45714285714285713,0.29039171067958297,0.31700779379277094,3.7822627592699822,61,19,10.0
44,mean_z,0.8216346153846155,0.75,0.746031746031746,0.49206349206349204,0.37310053240897595,0.3891751278829673,3.682007375817421,64,16,1.0
45,mean_z,0.7834686147186146,1.0,1.0,1.0,0.29849306492315003,0.3199009756980652,3.894359712343782,74,6,0.1
46,mean_z,0.8163194444444444,0.9090909090909091,0.9333333333333333,0.821020142307163,0.2677751756204915,0.276903484832496,3.8532506143417855,58,22,1.0
47,mean_z,0.8548642533936652,0.8461538461538461,0.8375,0.675,0.3302537689837509,0.34583999668046234,3.8657448435169526,67,13,1.0
48,mean_z,0.8676046176046176,0.7647058823529411,0.775,0.5092010548749033,0.3505156655576204,0.37004504885934486,3.764428706380868,63,17,0.1
49,mean_z,0.8633928571428573,0.7727272727272727,0.7727272727272727,0.5477225575051661,0.3332046748155034,0.3643995904655801,3.840032842385263,58,22,1.0
50,mean_z,0.8050886613386613,0.8333333333333334,0.8375,0.6708203932499369,0.35474795044726487,0.36510055760077964,3.5733339469837486,62,18,1.0
51,mean_z,0.8363546176046176,0.8333333333333334,0.7857142857142857,0.6700593942604899,0.3386380459266332,0.36061383612068393,3.902011278866087,62,18,1.0
52,mean_z,0.8173902486402487,0.8333333333333334,0.8571428571428572,0.7142857142857143,0.23363134844732084,0.2829869876220192,3.827935706151937,68,12,1.0
53,mean_z,0.7894607843137256,0.8571428571428571,0.46153846153846156,-0.07692307692307693,0.26849662801786756,0.29449728352474386,3.9829298565206086,66,14,10.0
54,mean_z,0.869717261904762,0.8888888888888888,0.8888888888888888,0.7777777777777778,0.35922975614045743,0.3743927258774046,3.6864101464265437,62,18,1.0
55,mean_z,0.8217731829573935,0.7857142857142857,0.7708333333333333,0.5594309277855158,0.2707865168071218,0.3027425565131693,3.944091704601112,66,14,0.1
56,mean_z,0.841896645021645,0.8888888888888888,0.875,0.7905694150420948,0.32439664420795555,0.33784848704479487,3.7774515300583094,71,9,1.0
57,mean_z,0.7251984126984128,0.7916666666666666,0.8109243697478992,0.5733162099493055,0.30392767791468006,0.3494359507876599,3.630917621520146,56,24,0.1
58,mean_z,0.8161356209150328,0.8095238095238095,0.80625,0.5533985905294664,0.31431172785991757,0.35132177011395704,3.73845350826809,59,21,1.0
59,mean_z,0.821875,0.8333333333333334,0.8888888888888888,0.6831300510639732,0.28909554622959077,0.31451694135868374,3.7871744531587193,68,12,0.1
60,mean_z,0.8329274891774892,0.8888888888888888,0.8888888888888888,0.7777777777777778,0.324353926537541,0.35197634785653686,3.6738143625457176,62,18,1.0
61,mean_z,0.7613501082251083,0.9166666666666666,0.9166666666666667,0.8451542547285166,0.3344671799783434,0.366125131606964,3.75655333420745,68,12,1.0
62,mean_z,0.8415064102564103,0.8,0.8333333333333333,0.6666666666666666,0.31022222684128853,0.3336162404617307,3.6916582092882715,65,15,10.0
63,mean_z,0.8422619047619047,0.8095238095238095,0.8045454545454545,0.6264144833056663,0.2765063190050229,0.297108374987559,3.8858647322959334,59,21,0.1
64,mean_z,0.8211489898989899,0.7142857142857143,0.7142857142857142,0.4472135954999579,0.31212219092498994,0.3410777777134615,3.9499960681854294,66,14,10.0
65,mean_z,0.8211538461538461,0.8095238095238095,0.8055555555555556,0.6111111111111112,0.31157614141452855,0.3400350958955182,3.8589947847729484,59,21,0.1
66,mean_z,0.7723214285714286,0.92,0.9188311688311688,0.8376623376623377,0.2602670663055767,0.2801683941489081,3.747369015314178,55,25,1.0
67,mean_z,0.8705808080808082,0.7142857142857143,0.6444444444444444,0.3373495424699933,0.31201479336692545,0.3323309474761767,3.910847611427614,66,14,10.0
68,mean_z,0.8522779304029304,0.9090909090909091,0.9285714285714286,0.8280786712108251,0.2991932428538106,0.32096843584798346,3.72097065235897,69,11,1.0
69,mean_z,0.8433779761904763,0.6666666666666666,0.6666666666666666,0.31622776601683794,0.38013269088223056,0.4018492705004768,3.636374200335812,71,9,10.0
70,mean_z,0.8122294372294372,0.85,0.8434343434343434,0.6975184488828855,0.34080859373520545,0.3629022380981176,3.751009093638803,60,20,10.0
71,mean_z,0.8642919580419579,0.7333333333333333,0.7232142857142857,0.472455591261534,0.331975384098134,0.35592058143638666,3.7209007215812653,65,15,0.1
72,mean_z,0.7916666666666666,1.0,1.0,1.0,0.2634121336916494,0.29460605623276875,3.899826603713526,71,9,1.0
73,mean_z,0.8986111111111111,0.7894736842105263,0.7840909090909092,0.5681818181818182,0.32656722361767154,0.343730324287278,3.7965772720100324,61,19,0.1
74,mean_z,0.8469155844155845,0.8235294117647058,0.85,0.7,0.3171184263986027,0.34026787547197873,3.8669549158516348,63,17,10.0
75,mean_z,0.8336174242424242,0.75,0.7666666666666666,0.5163977794943222,0.3330375006879343,0.3575934088811208,3.8559384494568816,64,16,10.0
76,mean_z,0.8114448051948052,0.9375,0.9285714285714286,0.8783100656536799,0.2897188839482063,0.3196632473000192,3.65542363421772,64,16,1.0
77,mean_z,0.7933982683982683,0.9333333333333333,0.9285714285714286,0.8728715609439694,0.28405749789751994,0.30313436855182563,3.7418539077610853,65,15,1.0
78,mean_z,0.8621527777777777,0.8666666666666667,0.8500000000000001,0.7,0.3248752249176463,0.3446050427596764,3.8361011355077648,65,15,1.0
79,mean_z,0.9117063492063492,0.6666666666666666,0.6625,0.325,0.33832818965689576,0.3659939419992766,3.8467215020371848,62,18,0.1
80,mean_z,0.7436079545454545,0.8636363636363636,0.8636363636363636,0.7302967433402214,0.30411669067139124,0.3521050662147582,3.607004679353168,58,22,10.0
81,mean_z,0.8501893939393939,0.7894736842105263,0.775,0.48238191061886604,0.2731909180378883,0.29500810480061007,3.8321509857850096,61,19,10.0
82,mean_z,0.8299107142857143,1.0,1.0,1.0,0.30982255444257306,0.3396702395206779,3.667903142398456,70,10,1.0
83,mean_z,0.8049107142857144,0.8,0.8333333333333333,0.6666666666666666,0.33203942680486265,0.3591575068969998,3.6943404638423685,70,10,10.0
84,mean_z,0.8741477272727273,0.7368421052631579,0.717948717948718,0.4200412794412907,0.29752726392309453,0.3143291825618724,3.7810699522139664,61,19,1.0
85,mean_z,0.7453869047619046,0.9230769230769231,0.9375,0.8539125638299666,0.2974203494855377,0.3169574962573796,3.8578535984822806,67,13,10.0
86,mean_z,0.8677083333333333,0.782608695652174,0.7817460317460317,0.5547552232772196,0.35358435245533154,0.369969264259471,3.952264478869731,57,23,10.0
87,mean_z,0.861395202020202,0.7142857142857143,0.696969696969697,0.3373495424699933,0.3151919643809124,0.3262281190395208,3.686189739756713,66,14,1.0
88,mean_z,0.7225108225108225,1.0,1.0,1.0,0.31172870403280306,0.3309348243294091,3.635753378603994,65,15,0.1
89,mean_z,0.831547619047619,0.8,0.7840909090909092,0.533001790889026,0.30392129053478245,0.3325256694436268,3.871788291384762,65,15,1.0
90,mean_z,0.802014652014652,0.9411764705882353,0.9,0.8593378488473195,0.24620495902314837,0.26883481300715484,3.8796449361990297,63,17,1.0
91,mean_z,0.8008814102564102,0.8947368421052632,0.8869047619047619,0.7738095238095238,0.31763868511774795,0.34751120893987203,3.6583214696325013,61,19,10.0
92,mean_z,0.9366319444444444,0.5,0.5,0.0,0.38795722968331964,0.40281805666001225,3.867467022906936,70,10,10.0
93,mean_z,0.7835723304473304,0.8333333333333334,0.8285714285714285,0.6571428571428571,0.3358857058118404,0.3692170543402337,3.7386855058363757,68,12,10.0
94,mean_z,0.6892361111111112,0.8181818181818182,0.8181818181818182,0.6363636363636364,0.26466948275090596,0.2926554652894923,3.9113192410513453,58,22,1.0
95,mean_z,0.7658549783549784,0.875,0.875,0.7745966692414834,0.32458436670792884,0.3458499967154551,3.8941563993211976,64,16,10.0
96,mean_z,0.7589736652236652,0.8888888888888888,0.9,0.8,0.26948094195608074,0.2988818589061198,3.7182553985737963,62,18,10.0
97,mean_z,0.8439484126984126,0.9,0.9375,0.7637626158259734,0.2609317688074258,0.3031320802652675,4.031665073827312,70,10,0.1
98,mean_z,0.9007440476190476,0.7407407407407407,0.7670454545454546,0.5340909090909091,0.4365675542699166,0.46499478012003226,3.6644662098466387,53,27,1.0
99,mean_z,0.8486111111111111,1.0,1.0,1.0,0.28039796278736356,0.3060252483840195,3.679518761541674,71,9,1.0
