fold,best_representation,best_reps,best_bandwidth,best_C,inner_score,accuracy,balanced_accuracy,mcc,kta,cka,effective_rank,n_train,n_test
0,mean_z,1,0.05,10,0.8005952380952381,0.9375,0.9375,0.8819171036881969,0.12016811904182066,0.26779323816584755,3.154089552292381,64,16
1,mean_z,1,0.05,10,0.784970238095238,0.9375,0.9375,0.8819171036881969,0.1043290033233328,0.25139324883697484,3.042395247775742,64,16
2,mean_z,1,0.05,10,0.9503968253968255,0.625,0.625,0.2581988897471611,0.1571518941785813,0.390547219218756,2.9973982275753146,64,16
3,mean_z,2,0.05,10,0.8588789682539683,0.6875,0.7063492063492063,0.42289003161103106,0.1343712155841026,0.257259251569615,4.345147323525439,64,16
4,mean_z,1,0.1,1,0.7802579365079365,0.875,0.873015873015873,0.746031746031746,0.15378720651446023,0.20342933151962678,10.378303213104614,64,16
5,mean_z,1,0.05,10,0.8583829365079365,0.6875,0.6875,0.40451991747794525,0.14244194210248234,0.32599350282825,3.10672124557329,64,16
6,mean_z,2,0.05,10,0.7993551587301586,0.875,0.875,0.7745966692414834,0.11901363127875492,0.24150904237087992,4.2466465151406405,64,16
7,mean_z,1,0.05,10,0.8561507936507936,0.8125,0.8125,0.629940788348712,0.15037659310123555,0.35062747676002637,3.1004469679811386,64,16
8,mean_z,1,0.1,1,0.7924107142857143,0.875,0.873015873015873,0.746031746031746,0.14895899155440587,0.199025454142609,9.518469605229178,64,16
9,mean_z,2,0.1,10,0.8315972222222222,0.8125,0.7857142857142857,0.6546536707079771,0.13467381500563064,0.16807184308364748,15.343359847478096,64,16
10,mean_z,1,0.05,10,0.8266369047619048,0.875,0.875,0.7745966692414834,0.11840947546068512,0.277577936621266,3.0841551171401793,64,16
11,mean_z,1,0.1,1,0.8249007936507937,0.8125,0.8125,0.629940788348712,0.18825033683291123,0.23959678954786484,10.070044601044604,64,16
12,mean_z,1,0.05,10,0.8578869047619048,0.8125,0.8125,0.629940788348712,0.1469742222883678,0.32276780843836567,3.292668068564849,64,16
13,mean_z,2,0.05,10,0.8249007936507937,0.8125,0.8174603174603174,0.629940788348712,0.11807098051746334,0.2562006271424099,3.844310291289752,64,16
14,mean_z,1,0.05,10,0.8003472222222222,0.875,0.8888888888888888,0.7777777777777778,0.09789342870635497,0.23747155244042803,3.160898766822737,64,16
15,mean_z,1,0.05,10,0.8635912698412698,0.6875,0.6875,0.3779644730092272,0.12410401742408851,0.28398452066660107,3.1063141736642286,64,16
16,mean_z,1,0.05,10,0.8306051587301587,0.8125,0.8125,0.629940788348712,0.1312031386843908,0.3162507686555215,3.042180243299476,64,16
17,mean_z,2,0.05,1,0.7524801587301587,0.875,0.875,0.7745966692414834,0.13139559543670826,0.23940596859892657,4.400114619529187,64,16
18,mean_z,1,0.05,10,0.8454861111111112,0.875,0.873015873015873,0.746031746031746,0.1221167067665211,0.29957821592876716,3.121286301189445,64,16
19,mean_z,1,0.1,1,0.8154761904761905,0.8125,0.8174603174603174,0.629940788348712,0.15956839714798757,0.2163498043491154,9.825216964569488,64,16
20,mean_z,1,0.05,10,0.8306051587301586,0.875,0.875,0.7745966692414834,0.12494972870839345,0.291592007681076,3.049931632551473,64,16
21,mean_z,1,0.1,10,0.784970238095238,0.8125,0.8125,0.629940788348712,0.16705286205790998,0.2171654784431921,9.861654388104867,64,16
22,mean_z,2,0.05,10,0.8601190476190476,0.8125,0.8125,0.674199862463242,0.11676970340413617,0.25222247484983895,3.9168808168651545,64,16
23,mean_z,1,0.05,1,0.7881944444444444,0.75,0.746031746031746,0.49206349206349204,0.1178591796489339,0.2799808126950561,3.2265718922057895,64,16
24,mean_z,2,0.05,10,0.7986111111111112,0.875,0.8888888888888888,0.7777777777777778,0.15384728590084898,0.3039066861688573,4.12787168678799,64,16
25,mean_z,2,0.1,10,0.8110119047619048,0.75,0.75,0.5163977794943222,0.15148206110592125,0.1849553821512672,15.253047260473334,64,16
26,mean_z,1,0.1,1,0.8249007936507937,0.8125,0.8125,0.629940788348712,0.17397900384382517,0.21339850921041356,11.348337341700383,64,16
27,mean_z,1,0.05,10,0.8601190476190477,0.8125,0.8125,0.629940788348712,0.13042043452433885,0.304403199825016,3.0913053049132713,64,16
28,mean_z,1,0.1,1,0.8415178571428572,0.625,0.6349206349206349,0.2698412698412698,0.20062269584527062,0.26105483188373174,11.09328905510625,64,16
29,mean_z,2,0.05,10,0.7963789682539683,0.8125,0.8333333333333333,0.6831300510639732,0.10526597580547739,0.22377771357118276,3.998241059799802,64,16
30,mean_z,1,0.05,10,0.8606150793650793,0.6875,0.6875,0.3779644730092272,0.13665764443802364,0.3314517876570166,2.977272532421411,64,16
31,mean_z,1,0.1,10,0.7733134920634921,0.875,0.875,0.75,0.14040769858165683,0.1817073474167485,9.944944402591688,64,16
32,mean_z,2,0.1,10,0.8556547619047619,0.8125,0.8125,0.629940788348712,0.1538820391395471,0.19232786683589542,16.208691201814236,64,16
33,mean_z,2,0.05,10,0.8159722222222222,0.875,0.873015873015873,0.746031746031746,0.13061296775573927,0.24840538634122944,4.360763688495031,64,16
34,mean_z,1,0.05,1,0.7981150793650793,0.75,0.7619047619047619,0.5238095238095238,0.1140867913254103,0.2895502451842961,2.96679165919433,64,16
35,mean_z,1,0.05,10,0.8422619047619048,0.75,0.75,0.5773502691896258,0.14015259500188768,0.32021896668924676,3.2097420355029507,64,16
36,mean_z,1,0.1,1,0.8422619047619048,0.75,0.75,0.5163977794943222,0.18187059061044597,0.22552455422799542,10.963201623917262,64,16
37,mean_z,1,0.05,10,0.8444940476190476,0.75,0.75,0.5163977794943222,0.13542965917031755,0.326760251989295,2.991076131621001,64,16
38,mean_z,1,0.1,1,0.8159722222222222,0.875,0.8888888888888888,0.7777777777777778,0.13982766993628445,0.18300838235800082,11.153200473819105,64,16
39,mean_z,1,0.05,10,0.7807539682539683,0.875,0.8888888888888888,0.7777777777777778,0.09328684088962508,0.24867789670487206,2.8444988030531033,64,16
40,mean_z,2,0.05,1,0.814484126984127,0.625,0.625,0.25,0.15100968772923226,0.2849698501294288,4.676221958983846,64,16
41,mean_z,2,0.05,1,0.7586805555555556,0.9375,0.9375,0.8819171036881969,0.11012512031380663,0.20476029553653954,4.679210487131083,64,16
42,mean_z,1,0.05,10,0.8187003968253967,0.8125,0.8125,0.629940788348712,0.12288199139253941,0.29438937754241007,2.9788487074384284,64,16
43,mean_z,1,0.1,1,0.8159722222222222,0.875,0.8888888888888888,0.7777777777777778,0.16876425372764137,0.23065117941129737,9.603871034901704,64,16
44,mean_z,1,0.05,10,0.8231646825396826,0.625,0.6031746031746031,0.22084711628963774,0.13918163119682558,0.3289052419131201,3.0880586584502705,64,16
45,mean_z,2,0.05,10,0.8583829365079365,0.9375,0.9375,0.8819171036881969,0.14175881629258588,0.28082367846706224,4.139515311839195,64,16
46,mean_z,1,0.05,10,0.8588789682539683,0.75,0.75,0.5163977794943222,0.15434318607892172,0.3324685137831402,3.2089253535049873,64,16
47,mean_z,2,0.05,10,0.8462301587301587,0.8125,0.8125,0.629940788348712,0.13760607479211834,0.28167755410326956,4.03866199931105,64,16
48,mean_z,2,0.05,10,0.8258928571428572,0.75,0.7301587301587301,0.49265895172303803,0.14048880429107657,0.28178084415393,4.271229197299002,64,16
49,mean_z,2,0.05,10,0.8276289682539683,0.9375,0.9444444444444444,0.8819171036881969,0.10581050170708538,0.21790677423745533,4.207777901007736,64,16
50,mean_z,2,0.05,10,0.7876984126984127,1.0,1.0,1.0,0.14817677866972653,0.2783607193243563,4.318997238870808,64,16
51,mean_z,1,0.1,1,0.8278769841269841,0.8125,0.8125,0.629940788348712,0.17852076859025395,0.22603146264122814,10.327314582082176,64,16
52,mean_z,2,0.05,10,0.8345734126984126,0.75,0.75,0.5,0.1625181777443492,0.3272729302262373,4.174112083214209,64,16
53,mean_z,2,0.05,10,0.8154761904761905,0.9375,0.9285714285714286,0.8783100656536799,0.09732636744888334,0.1942316386504853,4.301940879171517,64,16
54,mean_z,1,0.05,10,0.8276289682539683,0.6875,0.6904761904761905,0.3779644730092272,0.11679356087405902,0.29198281941415016,3.011595634834977,64,16
55,mean_z,1,0.05,10,0.8070436507936508,0.8125,0.8125,0.674199862463242,0.11731723032295757,0.2564880740145222,3.3110217747800506,64,16
56,mean_z,1,0.05,10,0.8883928571428572,0.625,0.625,0.25,0.14614634606062263,0.37917220829901555,2.8352228718060433,64,16
57,mean_z,1,0.1,1,0.8427579365079365,0.75,0.75,0.5163977794943222,0.19016088605455234,0.23566503697650826,10.998238847283428,64,16
58,mean_z,1,0.1,1,0.8177083333333333,0.875,0.8571428571428572,0.7644707871564383,0.1273754104695701,0.1671182748683032,11.097081462858696,64,16
59,mean_z,2,0.05,10,0.8449900793650793,0.875,0.8888888888888888,0.7777777777777778,0.12363560741255823,0.262428744638587,3.922538037716737,64,16
60,mean_z,1,0.1,1,0.7594246031746031,0.8125,0.8125,0.629940788348712,0.13913660097959132,0.17469948022256146,11.397132660214039,64,16
61,mean_z,1,0.05,1,0.7457837301587302,0.9375,0.9375,0.8819171036881969,0.11315529258068924,0.26096465164955873,3.0685628726503356,64,16
62,mean_z,1,0.05,1,0.8132440476190477,0.625,0.625,0.2581988897471611,0.14906513448719008,0.36882655392856595,2.876283524749908,64,16
63,mean_z,1,0.05,10,0.8722718253968254,0.6875,0.6746031746031746,0.3578300267477955,0.13164185998806166,0.3402462994475902,2.9545568044894805,64,16
64,mean_z,1,0.05,10,0.7981150793650793,0.75,0.7619047619047619,0.5238095238095238,0.10667832285568832,0.2572553819036569,3.1866194772788456,64,16
65,mean_z,2,0.05,10,0.8449900793650794,0.6875,0.6875,0.3779644730092272,0.17641132710672502,0.3471632233767884,4.071450411943415,64,16
66,mean_z,2,0.05,10,0.8110119047619049,0.8125,0.8125,0.629940788348712,0.10730921216758847,0.22078921314997613,4.1896620260006,64,16
67,mean_z,2,0.05,1,0.8350694444444444,0.625,0.625,0.25,0.15460535751162022,0.32036737218716393,4.074057317491445,64,16
68,mean_z,2,0.05,10,0.8727678571428572,0.75,0.7619047619047619,0.5238095238095238,0.1171334447382841,0.22538653966033456,4.346878562998703,64,16
69,mean_z,1,0.05,10,0.8571428571428572,0.8125,0.8174603174603174,0.629940788348712,0.11108592928251418,0.27687605009282407,3.015647284090217,64,16
70,mean_z,1,0.05,10,0.8360615079365079,0.75,0.75,0.5,0.12466078054073398,0.29286311056738173,3.066243712564947,64,16
71,mean_z,1,0.05,10,0.826140873015873,0.875,0.875,0.75,0.12039340392350541,0.2924256739257964,2.9325071920345915,64,16
72,mean_z,1,0.1,1,0.8640873015873016,0.8125,0.8125,0.629940788348712,0.1770223687245715,0.2179129225401814,11.796734525873571,64,16
73,mean_z,2,0.05,10,0.8611111111111112,0.8125,0.8015873015873016,0.6180700462007377,0.1474465879621185,0.296602291712964,4.103112684070689,64,16
74,mean_z,1,0.05,10,0.8120039682539683,0.875,0.8888888888888888,0.7777777777777778,0.10699669446650341,0.27096649553226887,2.990741637627237,64,16
75,mean_z,1,0.05,10,0.7914186507936508,0.6875,0.6875,0.40451991747794525,0.1614652639862257,0.3420039582504082,3.325190348517952,64,16
76,mean_z,1,0.05,10,0.8936011904761905,0.625,0.625,0.2581988897471611,0.1346913185044935,0.33438006216220456,2.9756832925317456,64,16
77,mean_z,1,0.1,10,0.7891865079365079,0.875,0.875,0.75,0.15981960221219604,0.20468573868287065,10.062437789524564,64,16
78,mean_z,2,0.05,10,0.8137400793650793,0.875,0.8888888888888888,0.7777777777777778,0.11370237866995164,0.2239886144702808,4.390831333487066,64,16
79,mean_z,1,0.05,10,0.8467261904761905,0.9375,0.9444444444444444,0.8819171036881969,0.11135945109807655,0.2683592382288731,3.0859129115473043,64,16
80,mean_z,2,0.05,1,0.7854662698412698,0.8125,0.8125,0.629940788348712,0.14673219520352196,0.275554787656985,4.61466756219278,64,16
81,mean_z,2,0.05,10,0.8663194444444444,0.8125,0.8125,0.629940788348712,0.15053916866708902,0.3130073456919198,3.9638026186316533,64,16
82,mean_z,2,0.05,10,0.7842261904761905,1.0,1.0,1.0,0.1125531694392806,0.22793166858301026,3.907791364943022,64,16
83,mean_z,1,0.05,10,0.8762400793650793,0.6875,0.7063492063492063,0.42289003161103106,0.13900666551041962,0.3387299142311772,3.030280065512754,64,16
84,mean_z,1,0.05,10,0.8588789682539683,0.8125,0.7857142857142857,0.6546536707079771,0.11044179946226354,0.2688648487989627,3.1599238610590192,64,16
85,mean_z,1,0.05,10,0.8544146825396826,0.8125,0.8125,0.629940788348712,0.11713800343147902,0.2664382405549265,3.0166759834570778,64,16
86,mean_z,1,0.05,10,0.8444940476190477,0.75,0.75,0.5773502691896258,0.16478264316287275,0.4050408466301564,3.005175271016875,64,16
87,mean_z,1,0.05,10,0.7953869047619049,0.8125,0.8125,0.629940788348712,0.11260918790696126,0.2950555654245475,2.808948560720185,64,16
88,mean_z,1,0.1,1,0.8328373015873016,1.0,1.0,1.0,0.13879564099487832,0.17734716461759895,11.648257830441194,64,16
89,mean_z,2,0.05,10,0.8623511904761905,0.75,0.746031746031746,0.49206349206349204,0.1336543336926475,0.25930094739257603,4.599624939572888,64,16
90,mean_z,2,0.05,10,0.8601190476190477,0.875,0.875,0.7745966692414834,0.15452686580610703,0.31199899430627664,4.111105484439761,64,16
91,mean_z,1,0.05,10,0.7891865079365079,0.875,0.875,0.75,0.11686723159919447,0.28447613051350107,2.900473452965011,64,16
92,mean_z,1,0.05,10,0.7953869047619047,0.9375,0.9375,0.8819171036881969,0.10418983426306364,0.25270525918493386,3.086082492655139,64,16
93,mean_z,1,0.1,1,0.8606150793650793,0.6875,0.6904761904761905,0.3779644730092272,0.1869287858651022,0.24400355222084197,10.841370277827673,64,16
94,mean_z,1,0.05,10,0.7963789682539683,0.875,0.8888888888888888,0.7777777777777778,0.10680060513700974,0.2589563082499102,3.149127083272355,64,16
95,mean_z,1,0.05,10,0.8544146825396826,0.75,0.75,0.5163977794943222,0.10366204978354325,0.24026626409459173,3.15351613171386,64,16
96,mean_z,1,0.05,10,0.8444940476190477,0.875,0.875,0.75,0.12573165615231202,0.3048778547350196,2.9774041142352137,64,16
97,mean_z,1,0.05,10,0.7953869047619047,0.8125,0.8125,0.629940788348712,0.11056846798199566,0.2600252034882829,3.014588741562657,64,16
98,mean_z,2,0.05,10,0.8432539682539683,0.875,0.8888888888888888,0.7777777777777778,0.165547373121422,0.3167781360194331,4.3176339583459855,64,16
99,mean_z,2,0.1,1,0.8472222222222222,0.6875,0.6746031746031746,0.3578300267477955,0.15815363990117204,0.20443501795823923,13.848661493951829,64,16
