fold,best_representation,inner_score,accuracy,balanced_accuracy,mcc,kta,cka,effective_rank,n_train,n_test,best_C,best_gamma
0,mean_z,0.8122519841269842,0.875,0.875,0.75,0.035909326740753096,0.3301832615988054,1.4091143258760233,64,16,10,0.01
1,mean_z,0.8184523809523809,0.9375,0.9375,0.8819171036881969,0.1500627066605349,0.2409687181295024,8.237319228089843,64,16,1,scale
2,mean_z,0.9565972222222222,0.625,0.625,0.2581988897471611,0.2272433923374981,0.39299085946784934,7.355419607736472,64,16,1,0.1
3,mean_z,0.8392857142857143,0.9375,0.9285714285714286,0.8783100656536799,0.031044185143523296,0.32536840674859147,1.4033366555555202,64,16,10,0.01
4,mean_z,0.7958829365079365,0.9375,0.9444444444444444,0.8819171036881969,0.15398341004478952,0.25844109424328704,8.198529157032404,64,16,1,scale
5,mean_z,0.9040178571428572,0.75,0.75,0.5163977794943222,0.20500275792102723,0.32588594020593853,7.767183313150108,64,16,1,scale
6,mean_z,0.8328373015873016,0.875,0.875,0.7745966692414834,0.15831987544530685,0.25980672296496626,8.33122884287498,64,16,1,scale
7,mean_z,0.8757440476190476,0.75,0.75,0.5163977794943222,0.1938434821739596,0.32244331191937126,7.626666904472459,64,16,1,scale
8,mean_z,0.8115079365079365,0.875,0.8888888888888888,0.7777777777777778,0.16530218033145558,0.2791026424205657,7.88015059913129,64,16,1,scale
9,mean_z,0.7842261904761905,0.875,0.8571428571428572,0.7644707871564383,0.14905827867867263,0.24495834863419344,8.43672569468092,64,16,1,scale
10,mean_z,0.8583829365079365,0.6875,0.6875,0.3779644730092272,0.035853259646815114,0.3357297479480874,1.409262890872168,64,16,1,0.01
11,mean_z,0.8167162698412698,0.875,0.875,0.7745966692414834,0.19228066539109698,0.31069176224750406,7.84487137052958,64,16,1,scale
12,mean_z,0.830109126984127,0.875,0.875,0.7745966692414834,0.18152984123772564,0.2862801599262179,8.304296753608549,64,16,1,scale
13,mean_z,0.8311011904761905,0.8125,0.8015873015873016,0.6180700462007377,0.02895521963122835,0.3429327219562691,1.3640075064437427,64,16,10,0.01
14,mean_z,0.8159722222222222,0.9375,0.9444444444444444,0.8819171036881969,0.14534014528146408,0.24976098132480853,7.99914194226536,64,16,1,scale
15,mean_z,0.835813492063492,0.875,0.875,0.75,0.16842843680057115,0.27785717844199426,7.7702317880116025,64,16,1,scale
16,mean_z,0.8618551587301587,0.75,0.75,0.5,0.0358726726691842,0.3626582097358341,1.3718126815150076,64,16,10,0.01
17,mean_z,0.8110119047619049,1.0,1.0,1.0,0.034184813363467764,0.3023873260470823,1.4287827363559444,64,16,10,0.01
18,mean_z,0.8276289682539683,0.875,0.873015873015873,0.746031746031746,0.03292408518008901,0.3463096499661298,1.4032120622361886,64,16,10,0.01
19,mean_z,0.8415178571428572,0.6875,0.6746031746031746,0.3578300267477955,0.029160733358884562,0.35224211285954615,1.358568478064777,64,16,1,0.01
20,mean_z,0.8479662698412698,0.875,0.875,0.7745966692414834,0.032445553317157164,0.32405126314808624,1.3787366642673056,64,16,10,0.01
21,mean_z,0.8583829365079365,0.6875,0.6875,0.3779644730092272,0.039463323715851414,0.39485618195776756,1.3802140395420524,64,16,10,0.01
22,mean_z,0.8266369047619048,0.6875,0.6875,0.3779644730092272,0.16728839556335828,0.27584440415310324,7.985804031957529,64,16,10,scale
23,mean_z,0.8467261904761905,0.875,0.873015873015873,0.746031746031746,0.03019319245302959,0.30338589411357625,1.4250154143590503,64,16,10,0.01
24,mean_z,0.8333333333333333,0.8125,0.8333333333333333,0.6831300510639732,0.031160262240827085,0.35321744068271255,1.372920018875919,64,16,10,0.01
25,mean_z,0.8601190476190476,0.875,0.875,0.7745966692414834,0.03543704262461651,0.35211615366744725,1.3938431750443896,64,16,10,0.01
26,mean_z,0.8249007936507937,0.75,0.75,0.5,0.035267959607374604,0.3373208720079208,1.3962381691823782,64,16,1,0.01
27,mean_z,0.8740079365079365,0.8125,0.8125,0.629940788348712,0.03466257631809131,0.3478637560264777,1.3812633453318615,64,16,10,0.01
28,mean_z,0.8298611111111112,0.8125,0.8015873015873016,0.6180700462007377,0.19254326188031642,0.33416653297610255,7.4838020207636635,64,16,1,0.1
29,mean_z,0.7814980158730158,1.0,1.0,1.0,0.024058585691738642,0.26976005023002153,1.3815325827618221,64,16,10,0.01
30,mean_z,0.8918650793650793,0.6875,0.6875,0.3779644730092272,0.0411330500319123,0.4176877692602259,1.3803630543242238,64,16,10,0.01
31,mean_z,0.7983630952380952,0.875,0.875,0.75,0.02959086777174897,0.30644804795830355,1.36623049059872,64,16,10,0.01
32,mean_z,0.8757440476190477,0.875,0.875,0.75,0.03632874139804413,0.3385995868742922,1.415646203648609,64,16,10,0.01
33,mean_z,0.8415178571428572,0.875,0.873015873015873,0.746031746031746,0.030937084002582327,0.3219318909665072,1.4087318113101608,64,16,10,0.01
34,mean_z,0.7958829365079365,0.9375,0.9285714285714286,0.8783100656536799,0.027158844188611298,0.30518292939426545,1.364206646365257,64,16,10,0.01
35,mean_z,0.8601190476190477,0.9375,0.9375,0.8819171036881969,0.18674742969090147,0.28985483961556413,8.468568598463209,64,16,1,scale
36,mean_z,0.8377976190476191,0.8125,0.8125,0.629940788348712,0.03970857908978738,0.3658312145849572,1.4078333735315947,64,16,10,0.01
37,mean_z,0.8797123015873016,0.6875,0.6875,0.3779644730092272,0.20226748402124084,0.32450387213381715,8.077697648098317,64,16,1,scale
38,mean_z,0.8489583333333333,0.9375,0.9444444444444444,0.8819171036881969,0.14942128359727655,0.25096763424322327,8.49099722685441,64,16,1,scale
39,mean_z,0.7963789682539683,0.9375,0.9444444444444444,0.8819171036881969,0.14784150486596043,0.2610579997596538,7.590877689532992,64,16,1,scale
40,mean_z,0.8439980158730158,0.875,0.875,0.7745966692414834,0.16713274445657098,0.2716214668494466,8.124027237698618,64,16,1,scale
41,mean_z,0.798859126984127,0.875,0.875,0.7745966692414834,0.03166019799247785,0.2747842687221943,1.4303734553264584,64,16,10,0.01
42,mean_z,0.8561507936507937,0.875,0.875,0.75,0.17681207036985747,0.2786395613326794,8.269772885422775,64,16,1,scale
43,mean_z,0.8315972222222222,0.875,0.8888888888888888,0.7777777777777778,0.02756577233343117,0.339476742875515,1.3475653483784906,64,16,10,0.01
44,mean_z,0.8700396825396826,0.6875,0.6746031746031746,0.3578300267477955,0.040701935438432944,0.4229862820659384,1.406550253540871,64,16,10,0.01
45,mean_z,0.8432539682539684,0.8125,0.8125,0.674199862463242,0.032691420055256375,0.3248951850264879,1.377974839751338,64,16,1,0.01
46,mean_z,0.8762400793650793,0.75,0.75,0.5163977794943222,0.04070864347520988,0.3729901404591726,1.4183338330555124,64,16,10,0.01
47,mean_z,0.8010912698412698,0.875,0.875,0.75,0.03678244902449531,0.35990347194782857,1.3906102847460144,64,16,10,0.01
48,mean_z,0.8154761904761905,0.8125,0.8015873015873016,0.6180700462007377,0.03277173670131201,0.3552356227003002,1.3866203925014637,64,16,10,0.01
49,mean_z,0.8137400793650793,0.9375,0.9444444444444444,0.8819171036881969,0.025243900336720825,0.2761374624360236,1.3884593313497477,64,16,10,0.01
50,mean_z,0.8132440476190476,0.9375,0.9375,0.8819171036881969,0.18205339890488773,0.2831300158479107,8.277533481575604,64,16,1,scale
51,mean_z,0.8539186507936508,0.75,0.75,0.5163977794943222,0.03700583313295397,0.36502123374130724,1.3866613999518889,64,16,10,0.01
52,mean_z,0.8067956349206349,0.8125,0.8125,0.629940788348712,0.03651484665214735,0.3629847188311175,1.3867635949040713,64,16,10,0.01
53,mean_z,0.8467261904761905,0.9375,0.9285714285714286,0.8783100656536799,0.13248290157067732,0.23151481053790007,7.650939877408177,64,16,1,scale
54,mean_z,0.8467261904761905,0.75,0.7619047619047619,0.5238095238095238,0.030900596555454178,0.3479051059751258,1.3826360154688737,64,16,10,0.01
55,mean_z,0.8348214285714286,0.875,0.875,0.7745966692414834,0.03323618841108858,0.2867989529791577,1.4343183143969507,64,16,10,0.01
56,mean_z,0.9040178571428572,0.625,0.625,0.25,0.041055420635016104,0.43555133511045657,1.368746464113802,64,16,10,0.01
57,mean_z,0.820436507936508,0.875,0.875,0.7745966692414834,0.03883491227991943,0.36618150610830646,1.3997488047758304,64,16,10,0.01
58,mean_z,0.8583829365079365,0.8125,0.8174603174603174,0.629940788348712,0.025368738147710138,0.30007320341704075,1.3632956687743942,64,16,10,0.01
59,mean_z,0.8427579365079365,0.9375,0.9444444444444444,0.8819171036881969,0.027699287325691928,0.30531237853591237,1.3859119882051594,64,16,10,0.01
60,mean_z,0.8350694444444444,0.875,0.875,0.7745966692414834,0.033773794707443,0.3175007942060775,1.4057285425062704,64,16,10,0.01
61,mean_z,0.7909226190476191,1.0,1.0,1.0,0.03386956238830521,0.3174413732792614,1.407755888687842,64,16,10,0.01
62,mean_z,0.8127480158730158,0.75,0.75,0.5,0.19382387952623864,0.31962011206767094,7.964791849655008,64,16,1,scale
63,mean_z,0.8722718253968254,0.6875,0.6746031746031746,0.3578300267477955,0.03124198082640807,0.37331380483623344,1.3554894779141824,64,16,10,0.01
64,mean_z,0.8588789682539683,0.8125,0.8174603174603174,0.629940788348712,0.028995960112632918,0.29512064693374673,1.4158942815841706,64,16,10,0.01
65,mean_z,0.8506944444444444,0.6875,0.6875,0.3779644730092272,0.20778925109738977,0.33277256234240443,8.395887410073431,64,16,1,scale
66,mean_z,0.8110119047619048,0.8125,0.8125,0.629940788348712,0.16112037070763396,0.25420194870657753,8.60842858794746,64,16,1,scale
67,mean_z,0.8623511904761905,0.875,0.875,0.7745966692414834,0.03689960143858205,0.3646337011821215,1.3868033511059221,64,16,10,0.01
68,mean_z,0.8415178571428572,0.875,0.873015873015873,0.746031746031746,0.1570553650512942,0.2631414857215402,7.903689093787874,64,16,1,scale
69,mean_z,0.875,0.8125,0.8174603174603174,0.629940788348712,0.16963080933944094,0.290682117256085,7.544957834271665,64,16,1,scale
70,mean_z,0.8435019841269841,0.75,0.75,0.5163977794943222,0.035233958560919376,0.34925999851795825,1.3883249353107707,64,16,1,0.01
71,mean_z,0.8400297619047619,0.9375,0.9375,0.8819171036881969,0.03476639780738464,0.34225519657621584,1.3831602496306097,64,16,10,0.01
72,mean_z,0.8663194444444444,0.8125,0.8125,0.629940788348712,0.18799705378554943,0.297507719037742,8.446275506350384,64,16,1,scale
73,mean_z,0.8611111111111112,0.8125,0.8015873015873016,0.6180700462007377,0.15955678879120988,0.26917709148624164,7.946149454913937,64,16,1,scale
74,mean_z,0.8137400793650793,0.8125,0.8333333333333333,0.6831300510639732,0.02940503381448085,0.32754123111523864,1.3813522716000906,64,16,10,0.01
75,mean_z,0.8187003968253969,0.8125,0.8125,0.629940788348712,0.04407251683383915,0.387683073074334,1.4364311068867628,64,16,10,0.01
76,mean_z,0.9092261904761905,0.625,0.625,0.2581988897471611,0.03634028885821667,0.389760205330646,1.3621648159109019,64,16,10,0.01
77,mean_z,0.8110119047619047,0.875,0.875,0.75,0.03215452432155614,0.3193176780277721,1.372728278621632,64,16,10,0.01
78,mean_z,0.8137400793650793,0.9375,0.9444444444444444,0.8819171036881969,0.026711974284639808,0.2839124055350828,1.4118066760256485,64,16,10,0.01
79,mean_z,0.8333333333333333,0.8125,0.8333333333333333,0.6831300510639732,0.1646566391111849,0.2772052576493062,7.785317649100797,64,16,1,scale
80,mean_z,0.8115079365079365,0.75,0.75,0.5773502691896258,0.03728979526076564,0.34563768798642514,1.4175379663779601,64,16,1,0.01
81,mean_z,0.7993551587301587,0.8125,0.8125,0.629940788348712,0.18526031555503178,0.2994737657117924,7.956549131987652,64,16,1,scale
82,mean_z,0.7998511904761905,1.0,1.0,1.0,0.027581344765777355,0.2778134042224902,1.3700953588772,64,16,10,0.01
83,mean_z,0.8727678571428572,0.6875,0.7063492063492063,0.42289003161103106,0.036839093512350735,0.38826698785412556,1.397883674770468,64,16,10,0.01
84,mean_z,0.8298611111111112,0.8125,0.7857142857142857,0.6546536707079771,0.1618651771861561,0.26368777868679355,8.64496812638771,64,16,1,scale
85,mean_z,0.7874503968253967,0.8125,0.8125,0.629940788348712,0.1650489905869279,0.26431127485491546,7.7530938794410975,64,16,1,scale
86,mean_z,0.8444940476190477,0.8125,0.8125,0.674199862463242,0.03905144309443604,0.39918632558910155,1.376796190628036,64,16,10,0.01
87,mean_z,0.8087797619047619,0.6875,0.6875,0.3779644730092272,0.033577848375233844,0.35380120136602117,1.3651673598612553,64,16,1,0.01
88,mean_z,0.8092757936507937,0.9375,0.9444444444444444,0.8819171036881969,0.02916356435852937,0.30390077640291274,1.408511228939018,64,16,1,0.01
89,mean_z,0.8467261904761905,0.75,0.7619047619047619,0.5238095238095238,0.16576257398393765,0.2816520931514735,8.000701722128998,64,16,1,scale
90,mean_z,0.8578869047619047,0.875,0.875,0.7745966692414834,0.03770281783484566,0.3613223807914287,1.394321543750113,64,16,10,0.01
91,mean_z,0.8249007936507937,0.875,0.875,0.75,0.1706666844614738,0.2758235376871855,8.054908338941313,64,16,1,scale
92,mean_z,0.7876984126984127,0.875,0.875,0.75,0.028357817705498996,0.28194712634355584,1.3839174113906865,64,16,10,0.01
93,mean_z,0.8745039682539683,0.6875,0.7063492063492063,0.42289003161103106,0.038252715376025176,0.38166864088583935,1.4195822570946588,64,16,10,0.01
94,mean_z,0.8432539682539683,0.9375,0.9444444444444444,0.8819171036881969,0.031048424414421953,0.322093724335999,1.4113568555860803,64,16,10,0.01
95,mean_z,0.8306051587301588,0.875,0.875,0.7745966692414834,0.15239813354207787,0.24233353967818158,8.646802163888205,64,16,1,scale
96,mean_z,0.8422619047619049,0.875,0.875,0.7745966692414834,0.03578685767441602,0.3535801758765613,1.385380288311738,64,16,10,0.01
97,mean_z,0.8087797619047619,0.9375,0.9375,0.8819171036881969,0.032713092378597,0.3132254588667837,1.3875480321185452,64,16,10,0.01
98,mean_z,0.890625,0.8125,0.8333333333333333,0.6831300510639732,0.18176908852845294,0.3152204207542698,7.643824194266528,64,16,1,scale
99,mean_z,0.8628472222222222,0.8125,0.8015873015873016,0.6180700462007377,0.03423342941167966,0.3883585764139781,1.3745580383065665,64,16,10,0.01
