fold,sha1
0,e54c6dc00f42bb2cd9ee0b928fa2e61de5d7e022
1,ece0ec334f2af8dc7a5294ce2f3ddc890cf37739
2,b407b2037764aace00b663d70796838938f75125
3,7a66c33b6c4c734095a64d059e30b874fb6e517f
4,ec02525c84cdcc002455ba6c21b9357546b41ad0
5,7da8c6db8ee15e0073ccbdabbf5183217fb70b23
6,0f7ad9d2f845e3bc42572fc17e9dcbabe3b129ad
7,da937dec4b0774162dbfeb04d781e1e90e9de575
8,e1d23de3697e8e36b922c60a6b32071a510e82b1
9,96518b1deca9eaef63c0dc247f9b8d15b256e1db
10,74470841d251280827ceb661ca681f87b5cc4192
11,ac5d718d99769aea205eae02ea1377bd3eb0d8a7
12,1df90d83ce5d3de70707c0aecd2d594bb3e85848
13,349c34cf4cc28b7393cd6a31f93905464925d9ea
14,4d1c7d175cf2f2aca14b5f9cc5af86647aab2654
15,5abfa5dcc13c814fc584c2987bef48a6bc7fced9
16,abb6ff652ecfe88fc91845e753fae83ce66f70fe
17,991d0c05d4e68e0a4ee6a1c26318c4acb77b67a4
18,aa29c3406f96f4de93b57ff062cd1d1eabcc634b
19,32360757ca319247b6693240cf7b2aa48b376c2a
20,ad64d7633469c061846974da278d5697f6dd3419
21,79e0a8f5f52658d1928a7b11bda015b5b5d9162a
22,1fb7a0e8a1e676cf6c6910df8a312c1cb8219080
23,b098e569eb262163cacc6ddfe412b18286ef9d8a
24,abca4733bb04c49837e428f290ca06591706158d
25,7b23714d391909df02c74c3e61b0764733a6dc57
26,d673159a29d4ce0132330761c0d1cf97540bad0d
27,2a865c79509bd2159d6da435c9a2c18455fde49c
28,c2b326b9202e9a47e883db057c7c176125b5974f
29,6d3919ddfae1b5ee970d157bf17323f867a13928
30,aab95837be25dfe72211a146e515e76c70fb0308
31,ea98ce191f0738ce4f89804006de9c6038caf397
32,9a2b5cfc6d92e614462e1c38bcc2bc780c5bb03c
33,0fe62fa450929a3f46045c993181afda6fafa9ae
34,ae7070bf5592878aaad86de1f9d9f632261c0092
35,f95caf40cb914fef3258785a64e45821f450d18d
36,6e094e4029ef49cc756923e5ae5906284f7b3872
37,5d5389650808189225b710278253afbec0f041f2
38,0c804dd7c3b2fa1e5f0bc4541a65d8e43b2ec8c5
39,649e834dabb7abb99e381ee164d07ad4d7e94812
40,9b8e68077e897a1f534ed6a14c038dab1e4e33f9
41,3a0a04a007d973bf39a609f48808498358d08fe6
42,3a1c33b37c2ffe7abaca863e3d37f6ea83d8c0ac
43,15b1e1a681681b6c8711de973425101749aa36b3
44,836c722ae63a550a67d400c47aa85c312cf2488e
45,ead921e93065fda8ff14bc8b6e993084362a5d60
46,4ddfe1ae15afeffa4f06a1e0bd159a21725157ff
47,73b833804838d5b2d0bd70a98e5835e75ed4b4a6
48,513ecd298be887ec0227e104485682986f7ef12f
49,8c06330098927fdaac5fe1ecb0963806701ceb9d
50,2b4a1b0987b9843cb9b0b5ee5ecc0eec96440dd0
51,0a18cd71e008d6a85e15d8764e9e119f1aa4fcd7
52,af0ede27f98c7bba56b3825545e8bcfcab35882b
53,31bebed8c28e6d28f8c6cfd6a448655220d262d3
54,44e81e045ed3c92b8128587748275e0304058c83
55,0a1acc96707d70ec9bea6e7f3e06c63e097ca3de
56,d0cce98ce034e25b68f033dc2e68883e00c86783
57,0f454e376fc363f7cfddd38a5e90101b61d2d496
58,035238b004cce284f194ed012cc5bba7796c4350
59,dc67f0919a468075558e810b7bb2cc72484c0f6f
60,54d6b91d20cd6174fc9140de3606e1524e091277
61,e55219f3b633f2103bfe04f391d30efff7639264
62,2115a24ad8a8d9a249e99e7259c72b94c85719d1
63,b035d23896ec2581e40f9e973c381805fb980591
64,984fed6551c00b49968609ac2380310f66696002
65,6513c092a16b0c1e3c581cc329342fbd23cb5518
66,526cdeb555b9a1b20aeb2f541867df33909646d4
67,ef662f8e802116c0df3c3935ca51ececa3fc3490
68,e32f6fe718700d550d21a850e6cca10674280137
69,a2cc8b02441ce20e82d6613953ee6ceb8b637c58
70,4f23afb89ca6f8bd1249bc554f57071178e3fdf3
71,d675acddae8d8937cf887c84603084cb356163fc
72,8f91f4a0ff9b8f0141d1e29e7463f4ce084cb254
73,0681afd998dbba85b797281e5b709b02d9ea8f6a
74,314a477ea1221259ffc26e7af4723f75555b0a9f
75,504833dab6ab1ad42008debfddcc6ccee4ec374d
76,c6ba9ff02f924f20f55e9cc5d00ec085e5a08f4f
77,0973134ead782849ae7978148eab9b30b06287de
78,5e161c8994b0a8a8adda00535d78374a26732eb1
79,8d365632b5129c03616cfcb4b5de2da7eddab0f6
80,2d20838195cc37fc9930e53d97ee0b66d4313650
81,772076d37ead6fcd02cf28c862ac6f9756be496d
82,6a495551d7c22717e49704805c008eb5e8281b07
83,3b6b3c587f707a512b3904fe8d51abe7674c5bf7
84,424ba091a7b42b68dd63112d6dec902c0129bcfe
85,14610d9def14c0da8c78b19fddeece12abcae051
86,7ed234e43f1fc9c3aeedc801b521163df362ba50
87,24ad838c7af4f472fa8e21a0785dd2cae022a45d
88,a931d1aa6db7cefc28056a291b482383e9262cb4
89,63def346a8741824386cbc0ab9879676f13b0190
90,5e3f6985b95bbd43b5509ae824a1a080dfdc306d
91,a0c9fdccfc182fcd6a9353ce98d82a14efce8618
92,9d9704379fe208561bd5f94dee643d3d07b37aa5
93,4a80f2c6b5a5ee29426472d8497a3791d63ca1ba
94,7408fceb62c7751f5d801a0b58f6dd994c6dbb59
95,386ca40e727d268f28a849c7ad5d3d87da37aa50
96,ab922affb663e2c28b145740ca91697f1330eb91
97,b67b190ff84c8636903d8c43316d8d0b687a75de
98,72ca5031c88bf081aff68b3defa57463543b4bf9
99,70edd8a99b6780ee37269ce751cf974af6deb4a9
